Top queries,Clicks,Impressions,CTR,Position
"پیشرو تجهیز فرتاک",22,33,66.67%,1
"پیشرو تجهیز",7,37,18.92%,5.78
"ویژن پترو تجهیز فرتاک",2,11,18.18%,11.82
"ترانسمیتر فشار روزمونت 3051",0,53,0%,19.38
"ترانسمیتر فشار روزمونت",0,37,0%,72.41
"لوله x42",0,23,0%,54.7
"لول ترانسمیتر دیسپلیسر",0,11,0%,26
"لوله nace",0,11,0%,81
"مدیریت انبار قطعات یدکی",0,11,0%,89.27
"قیمت لوله a106",0,8,0%,67.38
"کنترل ولو بخار",0,6,0%,18
"نمایندگی روزمونت",0,6,0%,82
"پیشتازتک",0,6,0%,83
"فلنج اراک",0,6,0%,89
"حمل تجهیزات صنعتی",0,5,0%,80.8
"زنجیره تامین قطعات یدکی",0,5,0%,98.2
"فلنج lap joint",0,2,0%,57
"پیشرو صنعت",0,2,0%,67.5
"api fan",0,1,0%,4
"kv چیست",0,1,0%,6
"پویا تجهیز فرتاک",0,1,0%,17
"wizarat tajhiz",0,1,0%,25
"استاندارد شیرآلات صنعتی",0,1,0%,26
"sth tajhiz",0,1,0%,38
"پیشرو اندیشان حامل",0,1,0%,54
"استاندارد جوشکاری لوله های فولادی",0,1,0%,76
"boil off gas adalah",0,1,0%,96
