نوع,مقدار,کلیک,نمایش,CTR,جایگاه,برندی؟,صفحهٔ حدسی
query,ترانسمیتر فشار روزمونت 3051,0.0,53.0,0.0,19.4,خیر,knowledge-center/rosemount-pressure-transmitter-family.html
query,پیشرو تجهیز,7.0,37.0,0.1892,5.8,بله,about/certificates/index.html
query,ترانسمیتر فشار روزمونت,0.0,37.0,0.0,72.4,خیر,knowledge-center/rosemount-pressure-transmitter-family.html
query,پیشرو تجهیز فرتاک,22.0,33.0,0.6667,1.0,بله,about/certificates/index.html
query,لوله x42,0.0,23.0,0.0,54.7,خیر,knowledge-center/api-5l-x42.html
query,ویژن پترو تجهیز فرتاک,2.0,11.0,0.1818,11.8,بله,blog/petrochemical-supply-chain/index.html
query,لول ترانسمیتر دیسپلیسر,0.0,11.0,0.0,26.0,خیر,services/products/displacer-level-transmitter.html
query,لوله nace,0.0,11.0,0.0,81.0,خیر,knowledge-center/kc-api-5l-psl2-sour-service-nace-requirements.html
query,مدیریت انبار قطعات یدکی,0.0,11.0,0.0,89.3,خیر,knowledge-center/kc-spare-parts-warehousing-inventory.html
query,قیمت لوله a106,0.0,8.0,0.0,67.4,خیر,knowledge-center/a106-gr-b.html
query,کنترل ولو بخار,0.0,6.0,0.0,18.0,خیر,knowledge-center/steam-control-valve-sizing-guide.html
query,نمایندگی روزمونت,0.0,6.0,0.0,82.0,خیر,brands/emerson-rosemount.html
query,پیشتازتک,0.0,6.0,0.0,83.0,بله,
query,فلنج اراک,0.0,6.0,0.0,89.0,خیر,knowledge-center/flange-arak-guide.html
query,حمل تجهیزات صنعتی,0.0,5.0,0.0,80.8,خیر,knowledge-center/kc-industrial-material-handling-transport.html
query,زنجیره تامین قطعات یدکی,0.0,5.0,0.0,98.2,خیر,blog/pumps-procurement-guide/index.html
query,فلنج lap joint,0.0,2.0,0.0,57.0,خیر,knowledge-center/kc-lap-joint-stub-end-rotation-installation.html
query,پیشرو صنعت,0.0,2.0,0.0,67.5,خیر,about/company-profile/index.html
query,api fan,0.0,1.0,0.0,4.0,خیر,services/products/air-cooler-fin-fan.html
query,kv چیست,0.0,1.0,0.0,6.0,خیر,
query,پویا تجهیز فرتاک,0.0,1.0,0.0,17.0,بله,about/certificates/index.html
query,wizarat tajhiz,0.0,1.0,0.0,25.0,بله,
query,استاندارد شیرآلات صنعتی,0.0,1.0,0.0,26.0,خیر,knowledge-center/industrial-valve-standards-guide.html
query,sth tajhiz,0.0,1.0,0.0,38.0,بله,
query,پیشرو اندیشان حامل,0.0,1.0,0.0,54.0,بله,
query,استاندارد جوشکاری لوله های فولادی,0.0,1.0,0.0,76.0,خیر,knowledge-center/astm-piping-standards-guide.html
query,boil off gas adalah,0.0,1.0,0.0,96.0,خیر,knowledge-center/kc-lng-boil-off-gas-management.html
