file,content_words,unique_pct,in_sitemap,noindex,"struct(article,main,crumb,toc)",images,generic_template,shortest_bug,tier,title
guided-wave-non-contact.html,1545,2,0,1,1000,0,0,0,RETIRED-noindex,سطح‌سنج راداری | پیشرو تجهیز فرتاک
modbus-tcp-rtu.html,1540,2,0,1,1000,0,0,0,RETIRED-noindex,راهنمای شبکه Modbus TCP/RTU | پیشرو تجهیز فرتاک
thermowell.html,1541,2,0,1,1000,0,0,0,RETIRED-noindex,Thermowell (ترموول) | پیشرو تجهیز فرتاک
api-617.html,1586,3,1,1,1000,0,0,0,RETIRED-noindex,استاندارد API 617 کمپرسورهای محوری | پیشرو تجهیز فرتاک
article-012.html,1574,3,0,1,1000,0,0,0,RETIRED-noindex,تامین تجهیزات صنعت فولاد | پیشرو تجهیز فرتاک
incoterms-2024.html,1580,3,1,1,1000,0,0,0,RETIRED-noindex,Incoterms 2024 | پیشرو تجهیز فرتاک
ndt-rt.html,1590,3,0,1,1000,0,0,0,RETIRED-noindex,بازرسی NDT با تست رادیوگرافی (RT) | پیشرو تجهیز فرتاک
ndt-ut.html,1590,3,0,1,1000,0,0,0,RETIRED-noindex,بازرسی NDT با تست فراصوت (UT) | پیشرو تجهیز فرتاک
profibus-profinet.html,1592,3,0,1,1000,0,0,0,RETIRED-noindex,راهنمای شبکه Profibus و Profinet | پیشرو تجهیز فرتاک
scada.html,1612,3,0,1,1000,0,0,0,RETIRED-noindex,سیستم SCADA در صنعت نفت و گاز | پیشرو تجهیز فرتاک
shutdown.html,1578,3,1,1,1000,0,0,0,RETIRED-noindex,تجهیزات Shutdown و اورهال صنعتی | پیشرو تجهیز فرتاک
atex-iecex-hazardous-area-guide.html,1592,4,1,0,1000,0,1,1,MERGE-or-REWRITE,راهنمای استاندارد ATEX و IECEx برای مناطق خطرناک
gas-analyzer-industry-guide.html,1604,4,1,0,1000,0,1,1,MERGE-or-REWRITE,راهنمای آنالایزر گاز صنعتی | پیشرو تجهیز فرتاک
hart-calibration-training.html,1603,4,1,0,1000,0,1,1,MERGE-or-REWRITE,آموزش کالیبراسیون HART در ابزار دقیق صنعتی | پیشرو تجهیز فرتاک
hydrostatic-level-transmitter.html,1593,4,1,0,1000,0,1,1,MERGE-or-REWRITE,راهنمای ترانسمیتر سطح هیدرواستاتیک صنعتی | پیشرو تجهیز فرتاک
industrial-cable-selection-guide.html,1596,4,1,0,1000,0,1,1,MERGE-or-REWRITE,راهنمای انتخاب کابل صنعتی (Power Cable) | پیشرو تجهیز فرتاک
instrument-calibration-standards.html,1593,4,1,0,1000,0,1,1,MERGE-or-REWRITE,راهنمای استانداردهای کالیبراسیون ابزار دقیق | پیشرو تجهیز فرتاک
ip-rating-industrial-equipment-guide.html,1586,4,1,0,1000,0,1,1,MERGE-or-REWRITE,راهنمای استاندارد IP در تجهیزات صنعتی | پیشرو تجهیز فرتاک
nioc-npc-vendor-list-guide.html,1496,4,1,0,1000,0,0,0,MERGE-or-REWRITE,راهنمای وندورلیست NIOC و NPC در پروژه‌های نفتی
plc-siemens-s7-1500.html,1541,4,0,1,1000,0,0,0,RETIRED-noindex,کنترلر PLC Siemens S7-1500 | پیشرو تجهیز فرتاک
pmi-testing-guide.html,1591,4,1,0,1000,0,1,1,MERGE-or-REWRITE,راهنمای تست PMI در بازرسی تجهیزات صنعتی | پیشرو تجهیز فرتاک
pressure-gauge-complete-guide.html,1612,4,1,0,1000,0,1,1,MERGE-or-REWRITE,راهنمای کامل گیج فشار صنعتی؛ مشخصات و قیمت | پیشرو تجهیز فرتاک
protective-relay-guide.html,1601,4,1,0,1000,0,1,1,MERGE-or-REWRITE,راهنمای رله‌های حفاظتی در تابلو برق صنعتی | پیشرو تجهیز فرتاک
rtd-vs-thermocouple-comparison.html,1603,4,1,0,1000,0,1,1,MERGE-or-REWRITE,مقایسه سنسور دما RTD و Thermocouple صنعتی | پیشرو تجهیز فرتاک
shutdown-turnaround-industrial-guide.html,1586,4,1,0,1000,0,1,1,MERGE-or-REWRITE,راهنمای تجهیزات Shutdown و اورهال صنعتی | پیشرو تجهیز فرتاک
sil-certification-instrument-guide.html,1601,4,1,0,1000,0,1,1,MERGE-or-REWRITE,راهنمای گواهی SIL در ابزار دقیق صنعتی | پیشرو تجهیز فرتاک
third-party-inspection-guide.html,1591,4,0,1,1000,0,1,1,RETIRED-noindex,راهنمای بازرسی شخص ثالث (TPI) در صنعت | پیشرو تجهیز فرتاک
ups-industrial-guide.html,1601,4,0,1,1000,0,1,1,RETIRED-noindex,راهنمای UPS صنعتی | پیشرو تجهیز فرتاک
ups-nicd-li-ion.html,1551,4,0,1,1000,0,0,0,RETIRED-noindex,UPS باتری NiCd و Li-ion | پیشرو تجهیز فرتاک
ups-online-line-interactive.html,1545,4,0,1,1000,0,0,0,RETIRED-noindex,UPS صنعتی؛ انواع و راهنمای انتخاب | پیشرو تجهیز فرتاک
valve-seat-material-guide.html,1598,4,1,0,1000,0,1,1,MERGE-or-REWRITE,راهنمای مواد نشیمنگاه (Seat) در شیرآلات صنعتی | پیشرو تجهیز فرتاک
api-600.html,1615,5,0,1,1000,0,0,0,RETIRED-noindex,راهنمای شیر دروازه‌ای API 600 | پیشرو تجهیز فرتاک
api-610.html,1601,5,1,1,1000,0,0,0,RETIRED-noindex,استاندارد API 610 پمپ‌های سانتریفیوژ | پیشرو تجهیز فرتاک
astm-a335-p11-p22-p91.html,1558,5,0,1,1000,0,0,0,RETIRED-noindex,"لوله آلیاژی ASTM A335 P11, P22, P91 | پیشرو تجهیز فرتاک"
astm-a335-p91.html,1552,5,0,1,1000,0,0,0,RETIRED-noindex,لوله ASTM A335 P91 | پیشرو تجهیز فرتاک
astm-piping-standards-guide.html,1594,5,1,0,1000,0,1,1,MERGE-or-REWRITE,راهنمای استانداردهای ASTM در پایپینگ | پیشرو تجهیز فرتاک
corrosion-resistant-equipment-guide.html,1643,5,1,0,1000,0,1,1,MERGE-or-REWRITE,راهنمای تجهیزات مقاوم به خوردگی صنعتی | پیشرو تجهیز فرتاک
diaphragm-seal-guide.html,1605,5,1,0,1000,0,1,1,MERGE-or-REWRITE,راهنمای سیل جداکننده (Diaphragm Seal) در ابزار دقیق
dpt.html,1600,5,1,0,1000,0,0,0,MERGE-or-REWRITE,ترانسمیتر اختلاف فشار DPT | پیشرو تجهیز فرتاک
electrical-brands-comparison.html,1662,5,1,0,1000,0,1,1,MERGE-or-REWRITE,مقایسه برندهای تجهیزات برق صنعتی | پیشرو تجهیز فرتاک
epc-supply-chain-management-guide.html,1634,5,1,0,1000,0,1,1,MERGE-or-REWRITE,راهنمای مدیریت زنجیره تامین در پروژه‌های EPC | پیشرو تجهیز فرتاک
float-vibrating-capacitance.html,1593,5,0,1,1000,0,0,0,RETIRED-noindex,سوئیچ سطح صنعتی؛ انواع و انتخاب | پیشرو تجهیز فرتاک
incoterms-industrial-trade-guide.html,1633,5,1,0,1000,0,1,1,MERGE-or-REWRITE,راهنمای Incoterms 2024 در تجارت بین‌المللی صنعتی
industrial-customs-clearance-guide.html,1631,5,0,1,1000,0,1,1,RETIRED-noindex,راهنمای ترخیص گمرکی کالاهای صنعتی | پیشرو تجهیز فرتاک
industrial-grounding-guide.html,1586,5,0,1,1000,0,1,1,RETIRED-noindex,راهنمای سیستم اتصال زمین (Grounding) صنعتی | پیشرو تجهیز فرتاک
international-supply-contract-guide.html,1627,5,1,0,1000,0,1,1,MERGE-or-REWRITE,راهنمای قراردادهای تامین بین‌المللی صنعتی | پیشرو تجهیز فرتاک
iso-9001.html,1480,5,0,1,1000,0,0,0,RETIRED-noindex,ISO 9001 برای تامین‌کنندگان صنعتی | پیشرو تجهیز فرتاک
nace-mr0175.html,1634,5,0,1,1000,0,0,0,RETIRED-noindex,استاندارد NACE MR0175 در لوله و فلنج | پیشرو تجهیز فرتاک
pinch-valve-guide.html,1639,5,1,0,1000,0,1,1,MERGE-or-REWRITE,راهنمای شیر پینچ (Pinch Valve) صنعتی | پیشرو تجهیز فرتاک
pinch-valve.html,1584,5,0,1,1000,0,0,0,RETIRED-noindex,Pinch Valve | پیشرو تجهیز فرتاک
plc-allen-bradley-controllogix.html,1588,5,0,1,1000,0,0,0,RETIRED-noindex,کنترلر PLC Allen Bradley ControlLogix | پیشرو تجهیز فرتاک
plc-types-industrial-guide.html,1606,5,1,0,1000,0,1,1,MERGE-or-REWRITE,راهنمای انواع PLC صنعتی | پیشرو تجهیز فرتاک
plug-valve-guide.html,1641,5,1,0,1000,0,1,1,MERGE-or-REWRITE,راهنمای شیر پلاگ (Plug Valve) صنعتی | پیشرو تجهیز فرتاک
quality-assurance-supply-guide.html,1631,5,1,0,1000,0,1,1,MERGE-or-REWRITE,راهنمای تضمین کیفیت در تامین تجهیزات صنعتی | پیشرو تجهیز فرتاک
rosemount-644.html,1619,5,0,1,1000,0,0,0,RETIRED-noindex,ترانسمیتر دما Rosemount 644 | پیشرو تجهیز فرتاک
scada-rtu-system-guide.html,1606,5,1,0,1000,0,1,1,MERGE-or-REWRITE,راهنمای سیستم SCADA و RTU در اتوماسیون صنعتی | پیشرو تجهیز فرتاک
soft-starter-guide.html,1625,5,1,0,1000,0,1,1,MERGE-or-REWRITE,راهنمای سافت استارتر در کنترل موتورهای صنعتی | پیشرو تجهیز فرتاک
soft-starter.html,1624,5,0,1,1000,0,0,0,RETIRED-noindex,سافت استارتر (Soft Starter) | پیشرو تجهیز فرتاک
steel-industry-supply-guide.html,1634,5,1,0,1000,0,1,1,MERGE-or-REWRITE,راهنمای تامین تجهیزات صنایع فولاد | پیشرو تجهیز فرتاک
thermowell-guide.html,1596,5,1,0,1000,0,1,1,MERGE-or-REWRITE,راهنمای ترموول (Thermowell) در ابزار دقیق | پیشرو تجهیز فرتاک
ut.html,1591,5,0,1,1000,0,0,0,RETIRED-noindex,راهنمای تست UT لوله (فراصوت) | پیشرو تجهیز فرتاک
valve-body-material-selection.html,1657,5,1,0,1000,0,1,1,MERGE-or-REWRITE,راهنمای انتخاب متریال بدنه شیرآلات صنعتی | پیشرو تجهیز فرتاک
valve-brands-comparison-guide.html,1642,5,1,0,1000,0,1,1,MERGE-or-REWRITE,راهنمای مقایسه برندهای شیرآلات صنعتی | پیشرو تجهیز فرتاک
valve-sealing-guide.html,1639,5,1,0,1000,0,1,1,MERGE-or-REWRITE,راهنمای آب‌بندی (Sealing) در شیرآلات صنعتی | پیشرو تجهیز فرتاک
valve-testing-guide.html,1645,5,1,0,1000,0,1,1,MERGE-or-REWRITE,راهنمای تست شیرآلات صنعتی | پیشرو تجهیز فرتاک
api-5l-psl2-psl1.html,1626,7,0,1,1000,0,0,0,RETIRED-noindex,لوله API 5L PSL2 | پیشرو تجهیز فرتاک
astm-a105-vs-a234.html,1659,7,1,0,1000,0,1,1,MERGE-or-REWRITE,مقایسه ASTM A105 و ASTM A234 در پایپینگ | پیشرو تجهیز فرتاک
ball-valve-api-6d.html,1635,7,0,1,1000,0,0,0,RETIRED-noindex,Ball Valve API 6D | پیشرو تجهیز فرتاک
cement-industry-supply-guide.html,1633,7,1,0,1000,0,1,1,MERGE-or-REWRITE,راهنمای تامین تجهیزات صنایع سیمان | پیشرو تجهیز فرتاک
contactor-bimetal-guide.html,1670,7,1,0,1000,0,1,1,MERGE-or-REWRITE,راهنمای کنتاکتور و بی متال در برق صنعتی | پیشرو تجهیز فرتاک
control-valve-complete-guide.html,1660,7,1,0,1000,0,1,1,MERGE-or-REWRITE,راهنمای کامل شیر کنترل (Control Valve) صنعتی؛ مشخصات و قیمت
en-10204.html,1591,7,0,1,1000,0,0,0,RETIRED-noindex,گواهی EN 10204 و تفاوت نوع 3.1 و 3.2 | پیشرو تجهیز فرتاک
high-pressure-equipment-guide.html,1650,7,1,0,1000,0,1,1,MERGE-or-REWRITE,راهنمای تجهیزات فشار قوی و فوق‌العاده صنعتی | پیشرو تجهیز فرتاک
petrochemical-industry-supply-guide.html,1632,7,1,0,1000,0,1,1,MERGE-or-REWRITE,راهنمای تامین تجهیزات صنایع پتروشیمی | پیشرو تجهیز فرتاک
pneumatic-actuator-rack-pinion.html,1599,7,0,1,1000,0,0,0,RETIRED-noindex,محرک پنوماتیک (Pneumatic Actuator) | پیشرو تجهیز فرتاک
power-distribution-transformer-guide.html,1648,7,1,0,1000,0,1,1,MERGE-or-REWRITE,راهنمای ترانسفورماتور قدرت و توزیع صنعتی | پیشرو تجهیز فرتاک
power-plant-industry-supply-guide.html,1633,7,1,0,1000,0,1,1,MERGE-or-REWRITE,راهنمای تامین تجهیزات نیروگاهی صنعتی | پیشرو تجهیز فرتاک
radar-level-transmitter-guide.html,1646,7,1,0,1000,0,1,1,MERGE-or-REWRITE,راهنمای ترانسمیتر سطح راداری صنعتی | پیشرو تجهیز فرتاک
safety-relief-valve-guide.html,1661,7,1,0,1000,0,1,1,MERGE-or-REWRITE,راهنمای شیر اطمینان و ایمنی (PSV/PRV) صنعتی | پیشرو تجهیز فرتاک
sour-service-equipment-guide.html,1671,7,1,0,1000,0,1,1,MERGE-or-REWRITE,راهنمای تجهیزات سرویس اسیدی (Sour Service) | پیشرو تجهیز فرتاک
valve-actuator-types-guide.html,1646,7,1,0,1000,0,1,1,MERGE-or-REWRITE,راهنمای انواع محرک (Actuator) در شیرآلات صنعتی
vfd.html,1622,7,1,1,1000,0,0,0,RETIRED-noindex,درایو فرکانس متغیر VFD | پیشرو تجهیز فرتاک
a53-gr-b.html,1591,8,0,1,1000,0,0,0,RETIRED-noindex,راهنمای خرید لوله A53 Gr.B | پیشرو تجهیز فرتاک
astm-a53-gr-b.html,1584,8,0,1,1000,0,0,0,RETIRED-noindex,مشخصات لوله ASTM A53 Gr.B | پیشرو تجهیز فرتاک
dcs-distributed-control-system.html,1593,8,0,1,1000,0,0,0,RETIRED-noindex,راهنمای سیستم DCS (Distributed Control System)
electric-actuator.html,1649,8,0,1,1000,0,0,0,RETIRED-noindex,محرک الکتریکی (Electric Actuator) شیرآلات | پیشرو تجهیز فرتاک
api-602-small-gate-valve.html,1684,9,1,0,1000,0,1,1,MERGE-or-REWRITE,استاندارد API 602 | پیشرو تجهیز فرتاک
rosemount-vs-yokogawa-comparison.html,1679,9,1,0,1000,0,1,1,MERGE-or-REWRITE,مقایسه ترانسمیتر Rosemount و Yokogawa صنعتی | پیشرو تجهیز فرتاک
steam-system-equipment-guide.html,1632,9,1,0,1000,0,1,1,MERGE-or-REWRITE,راهنمای تجهیزات سیستم بخار صنعتی | پیشرو تجهیز فرتاک
vfd-variable-frequency-drive-guide.html,1674,9,1,0,1000,0,1,1,MERGE-or-REWRITE,راهنمای درایو فرکانس متغیر VFD صنعتی | پیشرو تجهیز فرتاک
pressure-transmitter-calibration-guide.html,1675,10,1,0,1000,0,1,1,MERGE-or-REWRITE,راهنمای کالیبراسیون ترانسمیتر فشار صنعتی | پیشرو تجهیز فرتاک
rosemount-3051.html,1630,10,0,1,1000,0,0,0,RETIRED-noindex,ترانسمیتر فشار Rosemount 3051؛ مشخصات فنی و نصب | پیشرو تجهیز
asme-b31-3-process-piping-guide.html,1606,12,1,0,1000,0,1,1,MERGE-or-REWRITE,راهنمای استاندارد ASME B31.3 | پیشرو تجهیز فرتاک
a106-gr-b.html,1671,15,0,1,1000,0,0,0,RETIRED-noindex,راهنمای کامل لوله A106 Gr.B؛ مشخصات و قیمت | پیشرو تجهیز فرتاک
kc-pipe-support-steel-structure.html,1696,17,1,0,0000,0,0,0,MERGE-or-REWRITE,راهنمای کامل سازه فلزی و ساپورت لوله در خطوط لوله کشی صنعتی
kc-api-598-iso-5208.html,1688,18,1,0,0000,0,0,0,MERGE-or-REWRITE,راهنمای کامل تست نشتی شیرآلات؛ مشخصات و قیمت | پیشرو تجهیز فرتاک
kc-cf8-cf8m-cf3m.html,1689,18,1,0,0000,0,0,0,MERGE-or-REWRITE,راهنمای کامل شیرهای صنعتی استینلس استیل؛ مشخصات و قیمت | پیشرو
kc-gas-sweetening-amine.html,1680,18,1,0,0000,0,0,0,MERGE-or-REWRITE,راهنمای کامل تجهیزات شیرین‌سازی گاز (Gas Sweetening - Amine)
kc-globe-valve-type-type.html,1691,18,1,0,0000,0,0,0,MERGE-or-REWRITE,راهنمای کامل شیرهای Globe Valve؛ مشخصات و قیمت | پیشرو تجهیز
kc-pipe-thermal-insulation.html,1635,18,1,0,0000,0,0,0,MERGE-or-REWRITE,راهنمای کامل عایق‌کاری حرارتی لوله‌های صنعتی؛ مشخصات و قیمت
kc-sawh.html,1650,18,1,0,0000,0,0,0,MERGE-or-REWRITE,راهنمای کامل لوله‌های اسپیرال (SAWH)؛ مشخصات و قیمت | پیشرو تجهیز
kc-slurry-valves.html,1680,18,1,0,0000,0,0,0,MERGE-or-REWRITE,راهنمای کامل شیرهای دوغاب (Slurry Valves)؛ مشخصات و قیمت | پیشرو
a106-pipe-procurement-guide.html,1557,19,0,1,1000,0,0,0,RETIRED-noindex,راهنمای خرید و قیمت لوله A106 Gr.B | پیشرو تجهیز فرتاک
kc-304-316.html,1694,19,1,0,0000,0,0,0,MERGE-or-REWRITE,راهنمای کامل لوله‌های استینلس استیل 304 و 316؛ مشخصات و قیمت
kc-erw-hfw.html,1702,19,1,0,0000,0,0,0,MERGE-or-REWRITE,راهنمای کامل لوله‌های جوشی ERW و HFW؛ مشخصات و قیمت | پیشرو تجهیز
kc-gate-valve-wedge-parallel-slide.html,1700,19,1,0,0000,0,0,0,MERGE-or-REWRITE,راهنمای کامل شیرهای Gate Valve؛ مشخصات و قیمت | پیشرو تجهیز فرتاک
kc-hydraulic-control-valves.html,1686,19,1,0,0000,0,0,0,MERGE-or-REWRITE,راهنمای کامل شیرهای کنترل هیدرولیک؛ مشخصات و قیمت | پیشرو تجهیز
kc-instrumentation-control-cables.html,1489,19,1,0,0000,0,0,0,MERGE-or-REWRITE,راهنمای کامل کابل‌های ابزار دقیق و کنترل صنعتی
kc-surge-arrester-emergency-shutdown-valves.html,1705,19,1,0,0000,0,0,0,MERGE-or-REWRITE,راهنمای کامل شیرهای برقگیر و شیرهای قطع اضطراری
kc-api-617.html,1492,20,1,0,0000,0,0,0,MERGE-or-REWRITE,راهنمای کامل کمپرسورهای سانتریفیوژ API 617؛ مشخصات و قیمت | پیشرو
kc-api-618.html,1517,20,1,0,0000,0,0,0,MERGE-or-REWRITE,راهنمای کامل کمپرسورهای رفت و برگشتی API 618؛ مشخصات و قیمت
kc-cable-tray-cable-duct.html,1490,20,1,0,0000,0,0,0,MERGE-or-REWRITE,راهنمای کامل کانال‌های کابل و سینی کابل صنعتی؛ مشخصات و قیمت
kc-class-900-class-2500.html,1647,20,1,0,0000,0,0,0,MERGE-or-REWRITE,راهنمای کامل فلنج‌های فشار قوی Class 900 تا Class 2500
kc-gauge-absolute-differential.html,1493,20,1,0,0000,0,0,0,MERGE-or-REWRITE,راهنمای کامل ترانسمیتر فشار؛ مشخصات و قیمت | پیشرو تجهیز فرتاک
kc-pressure-gauge.html,1512,20,1,0,0000,0,0,0,MERGE-or-REWRITE,راهنمای کامل گیج فشار (Pressure Gauge)؛ مشخصات و قیمت | پیشرو
kc-reciprocating-pump.html,1519,20,1,0,0000,0,0,0,MERGE-or-REWRITE,راهنمای کامل پمپ‌های رفت و برگشتی (Reciprocating Pump)
kc-valve-selection-by-fluid-type.html,1768,20,1,0,0000,0,0,0,MERGE-or-REWRITE,راهنمای کامل انتخاب شیر بر اساس نوع سیال؛ مشخصات و قیمت | پیشرو
kc-washer.html,1607,20,1,0,0000,0,0,0,MERGE-or-REWRITE,راهنمای کامل واشر (Washer) در اتصالات صنعتی؛ مشخصات و قیمت
kc-a335.html,1672,21,1,0,0000,0,0,0,MERGE-or-REWRITE,راهنمای کامل لوله‌های آلیاژی کروم-مولیبدن A335
kc-air-cooled.html,1495,21,1,0,0000,0,0,0,MERGE-or-REWRITE,راهنمای کامل مبدل‌های حرارتی هوایی (Air Cooled)
kc-api-5l-psl1-psl2.html,1737,21,1,0,0000,0,0,0,MERGE-or-REWRITE,راهنمای کامل لوله‌های بدون درز API 5L PSL1 و PSL2
kc-ball-valve.html,1696,21,1,0,0000,0,0,0,MERGE-or-REWRITE,راهنمای کامل شیرهای Ball Valve؛ مشخصات و قیمت | پیشرو تجهیز فرتاک
kc-bms.html,1491,21,1,0,0000,0,0,0,MERGE-or-REWRITE,راهنمای کامل سیستم اتوماسیون ساختمان (BMS) صنعتی
kc-ct-pt.html,1516,21,1,0,0000,0,0,0,MERGE-or-REWRITE,راهنمای کامل ترانسفورماتورهای جریان (CT) و ولتاژ (PT)
kc-heat-tracing.html,1683,21,1,0,0000,0,0,0,MERGE-or-REWRITE,راهنمای کامل سیستم گرمایش الکتریکی (Heat Tracing) لوله
kc-industrial-power-cable-sizing.html,1476,21,1,0,0000,0,0,0,MERGE-or-REWRITE,راهنمای کامل کابل‌های قدرت صنعتی؛ مشخصات و قیمت | پیشرو تجهیز
kc-pipeline-corrosion-prevention.html,1696,21,1,0,0000,0,0,0,MERGE-or-REWRITE,راهنمای کامل خوردگی در خطوط لوله و روش‌های پیشگیری
kc-pipeline-welding-standards.html,1679,21,1,0,0000,0,0,0,MERGE-or-REWRITE,راهنمای کامل جوشکاری خطوط لوله؛ مشخصات و قیمت | پیشرو تجهیز فرتاک
kc-pneumatic-electropneumatic-control-valves.html,1704,21,1,0,0000,0,0,0,MERGE-or-REWRITE,راهنمای کامل شیرهای کنترل پنوماتیک و الکتروپنوماتیک
kc-purchase-order-management.html,1463,21,1,0,0000,0,0,0,MERGE-or-REWRITE,راهنمای کامل مدیریت سفارشات خرید (Purchase Order Management)
kc-shell-tube.html,1504,21,1,0,0000,0,0,0,MERGE-or-REWRITE,راهنمای کامل مبدل‌های حرارتی Shell &amp; Tube؛ مشخصات و قیمت
kc-welded-fittings-elbow-tee-reducer.html,1652,21,1,0,0000,0,0,0,MERGE-or-REWRITE,راهنمای کامل اتصالات جوشی فیتینگ؛ مشخصات و قیمت | پیشرو تجهیز
kc-butterfly-valve-offset.html,1742,22,1,0,0000,0,0,0,MERGE-or-REWRITE,راهنمای کامل شیرهای Butterfly Valve؛ مشخصات و قیمت | پیشرو تجهیز
kc-commissioning.html,1448,22,1,0,0000,0,0,0,MERGE-or-REWRITE,راهنمای کامل تجهیزات تست و راه‌اندازی پروژه‌های صنعتی
kc-esd-fire-gas.html,1473,22,1,0,0000,0,0,0,MERGE-or-REWRITE,راهنمای کامل سیستم ESD و Fire &amp; Gas (F&amp;G)
kc-fm200-co2-foam-water.html,1448,22,1,0,0000,0,0,0,MERGE-or-REWRITE,راهنمای کامل سیستم اطفاء حریق صنعتی؛ مشخصات و قیمت | پیشرو تجهیز
kc-industrial-equipment-export.html,1479,22,1,0,0000,0,0,0,MERGE-or-REWRITE,راهنمای کامل صادرات تجهیزات صنعتی به بازارهای بین‌المللی
kc-industrial-material-handling-transport.html,1450,22,1,0,0000,0,0,0,MERGE-or-REWRITE,حمل تجهیزات صنعتی و جابجایی مواد؛ راهنمای کامل | پیشرو تجهیز
kc-instrumentation-communication-protocols.html,1539,22,1,0,0000,0,0,0,MERGE-or-REWRITE,راهنمای کامل پروتکل‌های ارتباطی ابزار دقیق؛ مشخصات و قیمت | پیشرو
kc-intrusion-detection-access-control.html,1434,22,1,0,0000,0,0,0,MERGE-or-REWRITE,راهنمای کامل سیستم اعلام سرقت و کنترل دسترسی صنعتی
kc-led.html,1502,22,1,0,0000,0,0,0,MERGE-or-REWRITE,راهنمای کامل سیستم روشنایی صنعتی؛ مشخصات و قیمت | پیشرو تجهیز
kc-load-cell.html,1520,22,1,0,0000,0,0,0,MERGE-or-REWRITE,راهنمای کامل لودسل (Load Cell) و سیستم توزین صنعتی
kc-nps-dn-schedule-od-wt.html,1691,22,1,0,0000,0,0,0,MERGE-or-REWRITE,راهنمای کامل ابعاد لوله‌های صنعتی؛ مشخصات و قیمت | پیشرو تجهیز
kc-plc.html,1497,22,1,0,0000,0,0,0,MERGE-or-REWRITE,راهنمای کامل تابلوهای PLC و اتوماسیون صنعتی؛ مشخصات و قیمت
kc-project-management-equipment-supply.html,1436,22,1,0,0000,0,0,0,MERGE-or-REWRITE,راهنمای کامل مدیریت پروژه در تامین تجهیزات صنعتی
kc-psv.html,1751,22,1,0,0000,0,0,0,MERGE-or-REWRITE,راهنمای کامل شیرهای اطمینان (PSV)؛ مشخصات و قیمت | پیشرو تجهیز
kc-rtd-thermocouple-thermistor.html,1497,22,1,0,0000,0,0,0,MERGE-or-REWRITE,راهنمای کامل سنسورهای دما؛ مشخصات و قیمت | پیشرو تجهیز فرتاک
kc-spare-parts-warehousing-inventory.html,1495,22,1,0,0000,0,0,0,MERGE-or-REWRITE,مدیریت انبار قطعات یدکی صنعتی؛ راهنمای کامل | پیشرو تجهیز فرتاک
kc-spiral-wound-kammprofile.html,1452,22,1,0,0000,0,0,0,MERGE-or-REWRITE,راهنمای کامل گسکت Spiral Wound و Kammprofile؛ مشخصات و قیمت
kc-actuator.html,1728,23,1,0,0000,0,0,0,MERGE-or-REWRITE,راهنمای کامل انتخاب محرک (Actuator) برای شیرآلات
kc-cctv.html,1443,23,1,0,0000,0,0,0,MERGE-or-REWRITE,راهنمای کامل سیستم دوربین مداربسته صنعتی (CCTV)
kc-compressed-air-system.html,1471,23,1,0,0000,0,0,0,MERGE-or-REWRITE,راهنمای کامل سیستم هوای فشرده صنعتی؛ مشخصات و قیمت | پیشرو تجهیز
kc-cooling-water.html,1448,23,1,0,0000,0,0,0,MERGE-or-REWRITE,راهنمای کامل سیستم آب خنک‌کننده صنعتی (Cooling Water)
kc-crude-oil-products-storage-system.html,1504,23,1,0,0000,0,0,0,MERGE-or-REWRITE,راهنمای کامل سیستم ذخیره‌سازی نفت خام و فرآورده‌های نفتی
kc-cv-actuator.html,1736,23,1,0,0000,0,0,0,MERGE-or-REWRITE,راهنمای کامل شیرهای کنترل؛ مشخصات و قیمت | پیشرو تجهیز فرتاک
kc-earthing.html,1463,23,1,0,0000,0,0,0,MERGE-or-REWRITE,راهنمای کامل سیستم اتصال به زمین (Earthing) پست‌های برق
kc-energy-management-oil-gas.html,1508,23,1,0,0000,0,0,0,MERGE-or-REWRITE,راهنمای کامل مدیریت انرژی در صنایع نفت و گاز؛ مشخصات و قیمت
kc-fcc-unit.html,1432,23,1,0,0000,0,0,0,MERGE-or-REWRITE,راهنمای کامل تجهیزات کراکینگ کاتالیستی (FCC Unit)
kc-hse.html,1469,23,1,0,0000,0,0,0,MERGE-or-REWRITE,راهنمای کامل سیستم مدیریت ایمنی (HSE) در صنایع فرایندی
kc-hvac.html,1467,23,1,0,0000,0,0,0,MERGE-or-REWRITE,راهنمای کامل سیستم تهویه صنعتی (HVAC) و فن‌های صنعتی
kc-international-marketing-oil-gas.html,1513,23,1,0,0000,0,0,0,MERGE-or-REWRITE,راهنمای کامل بازاریابی بین‌المللی در صنایع نفت و گاز
kc-lubrication-system.html,1445,23,1,0,0000,0,0,0,MERGE-or-REWRITE,راهنمای کامل سیستم روغن‌کاری صنعتی (Lubrication System)
kc-ndt.html,1452,23,1,0,0000,0,0,0,MERGE-or-REWRITE,راهنمای کامل تست‌های غیرمخرب (NDT) در پایپینگ؛ مشخصات و قیمت
kc-nitrogen-air-natural-gas.html,1459,23,1,0,0000,0,0,0,MERGE-or-REWRITE,"راهنمای کامل سیستم گازرسانی صنعتی (Nitrogen, Air, Natural Gas)"
kc-oil-gas-export-terminal-equipment.html,1497,23,1,0,0000,0,0,0,MERGE-or-REWRITE,راهنمای کامل تجهیزات پایانه‌های صادراتی نفت و گاز
kc-oil-gas-pipeline-equipment.html,1726,23,1,0,0000,0,0,0,MERGE-or-REWRITE,راهنمای کامل تجهیزات خطوط لوله انتقال نفت و گاز
kc-pm.html,1445,23,1,0,0000,0,0,0,MERGE-or-REWRITE,راهنمای کامل نگهداری و تعمیرات (PM) تجهیزات صنعتی
kc-ppe.html,1437,23,1,0,0000,0,0,0,MERGE-or-REWRITE,راهنمای کامل تجهیزات حفاظت فردی (PPE) صنعتی؛ مشخصات و قیمت
kc-sulfur-recovery-unit-sru.html,1445,23,1,0,0000,0,0,0,MERGE-or-REWRITE,راهنمای کامل تجهیزات گوگردزدا (Sulfur Recovery Unit - SRU)
kc-sulfur-recovery.html,1450,23,1,0,0000,0,0,0,MERGE-or-REWRITE,راهنمای کامل تجهیزات واحد بازیافت گوگرد (Sulfur Recovery)
kc-supplier-qualification-assessment.html,1482,23,1,0,0000,0,0,0,MERGE-or-REWRITE,راهنمای کامل ارزیابی و تایید صلاحیت تامین‌کنندگان
kc-technical-certifications-supplier-qualification.html,1485,23,1,0,0000,0,0,0,MERGE-or-REWRITE,راهنمای کامل گواهینامه‌های فنی و صلاحیت تامین‌کنندگان
kc-customs-clearance.html,1455,24,1,0,0000,0,0,0,MERGE-or-REWRITE,راهنمای کامل ترخیص گمرکی کالاهای صنعتی؛ مشخصات و قیمت | پیشرو
kc-fire-alarm-detection-system.html,1476,24,1,0,0000,0,0,0,MERGE-or-REWRITE,راهنمای کامل سیستم آتش‌نشان و اعلام حریق صنعتی
kc-incoterms-2024.html,1488,24,1,0,0000,0,0,0,MERGE-or-REWRITE,راهنمای کامل اینکوترمز (Incoterms) 2024 در تامین تجهیزات صنعتی
kc-industrial-laboratory-equipment.html,1443,24,1,0,0000,0,0,0,MERGE-or-REWRITE,راهنمای کامل تجهیزات آزمایشگاهی صنعتی؛ مشخصات و قیمت | پیشرو
kc-international-supply-contracts.html,1455,24,1,0,0000,0,0,0,MERGE-or-REWRITE,راهنمای کامل قراردادهای تامین بین‌المللی تجهیزات صنعتی
nde-inspection-pipe-flange.html,2378,24,1,0,1000,0,1,1,MERGE-or-REWRITE,بازرسی غیرمخرب (NDE) لوله و فلنج؛ روش‌ها و معیار پذیرش
kc-api-610.html,1585,25,1,0,0000,0,0,0,MERGE-or-REWRITE,راهنمای کامل پمپ‌های سانتریفیوژ فرایندی API 610
kc-dcs.html,1462,25,1,0,0000,0,0,0,MERGE-or-REWRITE,راهنمای کامل سیستم DCS در صنایع فرایندی؛ مشخصات و قیمت | پیشرو
kc-desalter.html,1436,25,1,0,0000,0,0,0,MERGE-or-REWRITE,راهنمای کامل تجهیزات نمک‌زدایی نفت خام (Desalter)
kc-flare-burner-equipment.html,1473,25,1,0,0000,0,0,0,MERGE-or-REWRITE,راهنمای کامل تجهیزات فلر و مشعل صنعتی؛ مشخصات و قیمت | پیشرو
kc-gas-dehydration-teg.html,1446,25,1,0,0000,0,0,0,MERGE-or-REWRITE,راهنمای کامل تجهیزات آب‌گیری گاز (Gas Dehydration - TEG)
kc-gc-ph-o2-h2s.html,1526,25,1,0,0000,0,0,0,MERGE-or-REWRITE,راهنمای کامل آنالایزرهای فرآیندی؛ مشخصات و قیمت | پیشرو تجهیز
kc-lightning-protection-arrester.html,1503,25,1,0,0000,0,0,0,MERGE-or-REWRITE,راهنمای کامل برقگیر و سیستم حفاظت در برابر صاعقه صنعتی
kc-ngl-recovery.html,1449,25,1,0,0000,0,0,0,MERGE-or-REWRITE,راهنمای کامل تجهیزات خطوط انتقال گاز (NGL Recovery)
kc-offshore.html,1506,25,1,0,0000,0,0,0,MERGE-or-REWRITE,راهنمای کامل تجهیزات صنایع نفت و گاز فراساحل (Offshore)
kc-steel-beam-rebar-specifications.html,1491,25,1,0,0000,0,0,0,MERGE-or-REWRITE,راهنمای کامل مشخصات فنی تیرآهن و میلگرد صنعتی؛ مشخصات و قیمت
kc-steel-plate-specifications.html,1479,25,1,0,0000,0,0,0,MERGE-or-REWRITE,راهنمای کامل مشخصات فنی ورق‌های فولادی صنعتی؛ مشخصات و قیمت
kc-ups.html,1545,25,1,0,0000,0,0,0,MERGE-or-REWRITE,راهنمای کامل سیستم UPS و باتری صنعتی؛ مشخصات و قیمت | پیشرو تجهیز
kc-ansi-50-51-87-21.html,1558,26,1,0,0000,0,0,0,MERGE-or-REWRITE,راهنمای کامل رله‌های حفاظتی در تابلو برق؛ مشخصات و قیمت | پیشرو
kc-cement-industry-equipment.html,1480,26,1,0,0000,0,0,0,MERGE-or-REWRITE,راهنمای کامل تجهیزات صنایع سیمان؛ مشخصات و قیمت | پیشرو تجهیز
kc-control-room-equipment-standards.html,1457,26,1,0,0000,0,0,0,MERGE-or-REWRITE,راهنمای کامل اتاق کنترل صنعتی؛ مشخصات و قیمت | پیشرو تجهیز فرتاک
kc-level-measurement-6-methods.html,1515,26,1,0,0000,0,0,0,MERGE-or-REWRITE,راهنمای کامل اندازه‌گیری سطح در صنایع نفت و گاز
kc-ngl-lpg-lng.html,1504,26,1,0,0000,0,0,0,MERGE-or-REWRITE,"راهنمای کامل تجهیزات خطوط گاز طبیعی (NGL, LPG, LNG)"
kc-technical-personnel-training.html,1532,26,1,0,0000,0,0,0,MERGE-or-REWRITE,راهنمای کامل آموزش و توانمندسازی پرسنل فنی صنعتی
kc-thermal-powerplant-equipment.html,1544,26,1,0,0000,0,0,0,MERGE-or-REWRITE,راهنمای کامل تجهیزات نیروگاه حرارتی؛ مشخصات و قیمت | پیشرو تجهیز
hydrostatic-test-pipe-guide.html,2322,27,1,0,1000,0,1,1,MERGE-or-REWRITE,تست هیدرواستاتیک لوله؛ فشار تست، زمان نگه‌داشت و چک‌لیست
kc-chemical-injection.html,1506,27,1,0,0000,0,0,0,MERGE-or-REWRITE,راهنمای کامل سیستم تزریق مواد شیمیایی (Chemical Injection)
kc-flowmeters-10-methods.html,1617,27,1,0,0000,0,0,0,MERGE-or-REWRITE,راهنمای کامل فلومترهای صنعتی؛ مشخصات و قیمت | پیشرو تجهیز فرتاک
kc-petrochemical-complex-equipment.html,1493,27,1,0,0000,0,0,0,MERGE-or-REWRITE,راهنمای کامل تجهیزات مجتمع پتروشیمی؛ مشخصات و قیمت | پیشرو تجهیز
kc-steel-industry-equipment.html,1486,27,1,0,0000,0,0,0,MERGE-or-REWRITE,راهنمای کامل تجهیزات صنعت فولاد؛ مشخصات و قیمت | پیشرو تجهیز
kc-water-wastewater-treatment.html,1500,27,1,0,0000,0,0,0,MERGE-or-REWRITE,راهنمای کامل سیستم تصفیه آب و پساب صنعتی؛ مشخصات و قیمت | پیشرو
kc-steam-boiler-system.html,1511,28,1,0,0000,0,0,0,MERGE-or-REWRITE,راهنمای کامل تجهیزات سیستم بخار و بویلر صنعتی؛ مشخصات و قیمت
stainless-steel-pipe-guide.html,2326,28,1,0,1000,0,1,1,MERGE-or-REWRITE,راهنمای خرید لوله استنلس استیل؛ انتخاب گرید بر اساس سرویس
flange-bolting-guide.html,2398,29,1,0,1000,0,1,1,MERGE-or-REWRITE,پیچ و مهرهٔ اتصالات فلنجی؛ گریدها، گشتاور و ترتیب سفت‌کردن
kc-oil-refinery-equipment.html,1528,29,1,0,0000,0,0,0,MERGE-or-REWRITE,راهنمای کامل تجهیزات پالایشگاه نفت؛ مشخصات و قیمت | پیشرو تجهیز
kc-vfd.html,1595,29,1,0,0000,0,0,0,MERGE-or-REWRITE,راهنمای کامل درایو VFD؛ مشخصات و قیمت | پیشرو تجهیز فرتاک
kc-mv-switchgear.html,1621,30,1,0,0000,0,0,0,MERGE-or-REWRITE,راهنمای کامل تابلوهای برق فشار متوسط (MV Switchgear)
flange-types-complete-guide.html,2365,32,1,0,1000,0,0,0,MERGE-or-REWRITE,انواع فلنج صنعتی: WN، SO، Blind و SW؛ راهنمای انتخاب
a53-pipe-specifications.html,2016,33,1,0,1000,0,0,0,MERGE-or-REWRITE,لوله ASTM A53 Gr.B؛ مشخصات فنی، انواع F/E/S و کاربردها
kc-astm-a106-gr.html,2329,44,1,0,0000,0,0,0,REWRITE,لوله ASTM A106 Gr.B؛ مشخصات فنی، کاربرد و نکات خرید
control-valve-cv-calculation-guide.html,1155,90,1,0,1110,0,0,0,KEEP,محاسبه Cv کنترل ولو چیست؟ راهنمای سایزینگ Control Valve
acb-circuit-breaker-guide.html,1074,92,1,0,1110,1,0,0,KEEP,راهنمای کلید هوایی (ACB)؛ انتخاب و تنظیمات حفاظتی
ansi-ieee-c37.html,1054,92,1,0,1110,1,0,0,KEEP,راهنمای رله حفاظتی؛ توابع، کدها و انتخاب
article-001.html,1036,92,1,0,1110,1,0,0,KEEP,تست هیدرواستاتیک لوله؛ روش اجرا و الزامات استاندارد
cerabar.html,1054,92,1,0,1110,1,0,0,KEEP,ترانسمیتر فشار (Cerabar) اندرس هاسر؛ مشخصات و انتخاب
control-valve-cavitation-guide.html,1116,92,1,0,1110,0,0,0,KEEP,کاویتاسیون در کنترل ولو چیست؟ روش تشخیص و جلوگیری
diaphragm-valve.html,1063,92,1,0,1110,1,0,0,KEEP,شیر دیافراگم (Diaphragm Valve)؛ ساختار، مزایا و کاربرد
flowmeter-types-guide.html,1061,92,1,0,1110,1,0,0,KEEP,راهنمای فلومتر صنعتی؛ انتخاب بین انواع فناوری‌ها
gearbox-handwheel-worm-gear.html,1076,92,1,0,1110,1,0,0,KEEP,راهنمای گیربکس شیرآلات؛ چرخ‌دنده کرمی و فلکه دستی
globe-angle-valve.html,1079,92,1,0,1110,1,0,0,KEEP,مقایسه شیر گلوب و انگل؛ کدام طرح برای کدام سرویس؟
hart-protocol-complete-guide.html,1072,92,1,0,1110,1,0,0,KEEP,راهنمای کامل پروتکل (HART) در ابزار دقیق صنعتی
mfc-mass-flow-controller.html,1054,92,1,0,1110,1,0,0,KEEP,راهنمای کنترل‌کننده دبی جرمی (MFC)؛ اصول و انتخاب
nozzle-check-valve.html,1067,92,1,0,1110,1,0,0,KEEP,شیر یک‌طرفه نازلی (Nozzle Check Valve)؛ سریع‌ترین محافظ پمپ
surge-arrester.html,1093,92,1,0,1110,1,0,0,KEEP,راهنمای برقگیر (Surge Arrester)؛ حفاظت در برابر اضافه ولتاژ
thermal-mass-flowmeter.html,1059,92,1,0,1110,1,0,0,KEEP,فلومتر حرارتی (Thermal Mass)؛ اندازه‌گیری مستقیم جرم گاز
tilting-disc-check-valve.html,1072,92,1,0,1110,1,0,0,KEEP,شیر یک‌طرفه دیسک کج (Tilting Disc)؛ راه‌حل ضربه قوچ
vortex-flowmeter.html,1054,92,1,0,1110,1,0,0,KEEP,فلومتر گردابی (Vortex)؛ انتخاب اول بخار و گاز تمیز
a106-api-5l.html,1056,93,1,0,1110,1,0,0,KEEP,مقایسه لوله (A106) و (API 5L)؛ تفاوت‌ها و کاربرد هرکدام
api-600-gate-valve-standard.html,1078,93,1,0,1110,1,0,0,KEEP,راهنمای استاندارد شیر دروازه‌ای فولادی (API 600)؛ الزامات و خرید
article-006.html,1051,93,1,0,1110,1,0,0,KEEP,ترانسمیتر سطح هیدرواستاتیک؛ اندازه‌گیری سطح با فشار
article-008.html,1086,93,1,0,1110,1,0,0,KEEP,ترانسفورماتور قدرت؛ فناوری، خنک‌کاری و نکات خرید
article-009.html,1110,93,1,0,1110,1,0,0,KEEP,قرارداد تامین صنعتی؛ بندهای کلیدی و نکات حقوقی خرید
article-010.html,1117,93,1,0,1110,1,0,0,KEEP,راهنمای گمرک و ترخیص کالاهای صنعتی؛ مراحل و مدارک
article-011.html,1074,93,1,0,1110,1,0,0,KEEP,تامین تجهیزات پتروشیمی؛ وندورلیست، متریال و زمان‌بندی
article-015.html,1102,93,1,0,1110,1,0,0,KEEP,تجهیزات پالایشگاه نفت؛ اقلام اصلی و الزامات تامین
article-016.html,1113,93,1,0,1110,1,0,0,KEEP,تجهیزات سیستم بخار؛ دیگ، تله‌ها و مدار توزیع
article-017.html,1104,93,1,0,1110,1,0,0,KEEP,تامین تجهیزات صنعت سیمان؛ از کوره تا بسته‌بندی
article-041.html,1067,93,1,0,1110,1,0,0,KEEP,ترانسمیتر سطح التراسونیک؛ اصول، نصب و انتخاب
article-052.html,1069,93,1,0,1110,1,0,0,KEEP,مقایسه برندهای ترانسمیتر صنعتی؛ معیارهای انتخاب و خرید
article-059.html,1059,93,1,0,1110,1,0,0,KEEP,کنتاکتور و بیمتان؛ حفاظت و کنترل الکتروموتورها
asme-b31-3.html,1012,93,1,0,1110,1,0,0,KEEP,استاندارد (ASME B31.3)؛ کد پایپینگ فرایندی
astm-a106-a53.html,1017,93,1,0,1110,1,0,0,KEEP,مقایسه لوله (ASTM A106) و (A53)؛ کاربرد و محدودیت‌ها
astm-jis.html,1117,93,1,0,1110,1,0,0,KEEP,مقایسه استانداردهای (ASTM) و (JIS) در پایپینگ صنعتی
check-valve-swing-lift-dual-plate.html,1085,93,1,0,1110,1,0,0,KEEP,مقایسه شیر یک‌طرفه؛ سوئینگ، لیفت و دوپلیت در یک نگاه فنی
class-i-class-vi.html,1078,93,1,0,1110,1,0,0,KEEP,مقایسه کلاس نشتی شیرآلات (Class I تا VI)؛ کدام کلاس برای شما؟
conductivity-meter.html,1060,93,1,0,1110,1,0,0,KEEP,راهنمای هدایت‌سنج (Conductivity Meter)؛ اصول و انتخاب
cryogenic-valve-lng.html,1074,93,1,0,1110,1,0,0,KEEP,شیر برودتی (Cryogenic Valve) برای LNG؛ طراحی، متریال و تست
differential-pressure-transmitter-guide.html,1054,93,1,0,1110,1,0,0,KEEP,راهنمای ترانسمیتر اختلاف فشار (DPT)؛ انتخاب و نصب
din-ansi.html,1131,93,1,0,1110,1,0,0,KEEP,مقایسه استانداردهای (DIN) و (ANSI) در پایپینگ صنعتی
distribution-transformer.html,1086,93,1,0,1110,1,0,0,KEEP,راهنمای ترانسفورماتور توزیع؛ انتخاب، نصب و خرید
dual-plate-check-valve.html,1057,93,1,0,1110,1,0,0,KEEP,راهنمای شیر یک‌طرفه دوپلیت (Dual Plate)؛ طراحی و انتخاب
fire-test-api-607.html,1078,93,1,0,1110,1,0,0,KEEP,راهنمای تست آتش شیرآلات (API 607)؛ فایرسیف یعنی چه؟
globe-gate-valve.html,1085,93,1,0,1110,1,0,0,KEEP,مقایسه شیر گلوب و گیت؛ کدام شیر برای کدام نقطه از خط؟
globe-valve-complete-guide.html,1063,93,1,0,1110,1,0,0,KEEP,راهنمای جامع شیر گلوب (شیر کروی)؛ انواع، انتخاب و نصب
high-temperature.html,1066,93,1,0,1110,1,0,0,KEEP,انتخاب شیر برای دمای بالا؛ متریال، طراحی و الزامات
knife-gate-valve.html,1079,93,1,0,1110,1,0,0,KEEP,شیر نایف گیت (Knife Gate Valve)؛ کاربرد و انتخاب
level-measurement-guide.html,1072,93,1,0,1110,1,0,0,KEEP,راهنمای اندازه‌گیری سطح (Level)؛ انتخاب فناوری مناسب
lv-iec-61439.html,1070,93,1,0,1110,1,0,0,KEEP,تابلو فشار ضعیف (LV) و استاندارد (IEC 61439)
magmeter.html,1057,93,1,0,1110,1,0,0,KEEP,فلومتر مغناطیسی (Magmeter)؛ اصول، انتخاب و نصب
mcc-panel-guide.html,1098,93,1,0,1110,1,0,0,KEEP,راهنمای تابلو برق (MCC)؛ ساختار، انواع استارتر و انتخاب
mccb-circuit-breaker-guide.html,1101,93,1,0,1110,1,0,0,KEEP,راهنمای کلید کامپکت (MCCB)؛ ساختار، حفاظت و انتخاب
mv-iec-62271.html,1082,93,1,0,1110,1,0,0,KEEP,تابلو فشار متوسط و استاندارد (IEC 62271)؛ الزامات و انتخاب
ph.html,1053,93,1,0,1110,1,0,0,KEEP,راهنمای (pH) متر صنعتی؛ اصول، الکترود و انتخاب
phase-control-relay.html,1088,93,1,0,1110,1,0,0,KEEP,رله کنترل فاز؛ حفاظت موتور در برابر اختلالات شبکه
pilot-operated-valve.html,1073,93,1,0,1110,1,0,0,KEEP,شیر پایلوت‌اپریتد (Pilot Operated)؛ چه زمانی لازم است؟
plug-valve-lubricated-non-lubricated.html,1074,93,1,0,1110,1,0,0,KEEP,راهنمای پلاگ ولو؛ روان‌کاری‌شده و بدون روان‌کاری
psv-prv-api-520-api-526.html,1070,93,1,0,1110,1,0,0,KEEP,شیر اطمینان (PSV/PRV) بر اساس (API 520) و (API 526)؛ انتخاب و خرید
seat-ptfe-peek-nylon.html,1069,93,1,0,1110,1,0,0,KEEP,مواد نشیمنگاه (Seat) در شیرآلات؛ از (PTFE) تا (PEEK)
sf6.html,1085,93,1,0,1110,1,0,0,KEEP,کلید قدرت (SF6) و تجهیزات فشار قوی؛ فناوری و نکات بهره‌برداری
shell-seat-closure.html,1073,93,1,0,1110,1,0,0,KEEP,تست شیرآلات؛ پوسته، نشیمنگاه و آب‌بندی (Shell/Seat/Closure)
sil-iec-61508-iec-61511.html,1084,93,1,0,1110,1,0,0,KEEP,(SIL) در ابزار دقیق؛ سطوح یکپارچگی ایمنی و الزامات خرید
stainless-steel.html,1080,93,1,0,1110,1,0,0,KEEP,شیر استنلس استیل (Stainless Steel)؛ گریدها، کاربرد و انتخاب
temperature-transmitter-guide.html,1075,93,1,0,1110,1,0,0,KEEP,راهنمای ترانسمیتر دما؛ سنسورها، انتخاب و نصب
turbidity-meter.html,1064,93,1,0,1110,1,0,0,KEEP,راهنمای کدورت‌سنج (Turbidity Meter)؛ اصول و انتخاب
vcb.html,1066,93,1,0,1110,1,0,0,KEEP,کلید وکیوم (VCB)؛ فناوری قطع در خلأ و انتخاب
yokogawa-eja.html,1068,93,1,0,1110,1,0,0,KEEP,ترانسمیتر فشار (Yokogawa EJA)؛ مشخصات و انتخاب
article-007.html,1063,94,1,0,1110,1,0,0,KEEP,کالیبراسیون ترانسمیتر دما؛ روش‌ها و مراحل
article-013.html,1113,94,1,0,1110,1,0,0,KEEP,تامین تجهیزات نیروگاه سیکل ترکیبی؛ چالش‌ها و الزامات
asme-b31-1.html,1110,94,1,0,1110,1,0,0,KEEP,استاندارد (ASME B31.1)؛ پایپینگ قدرت برای نیروگاه‌ها
check-valve-complete-guide.html,1127,94,1,0,1110,1,0,0,KEEP,راهنمای جامع شیر یک‌طرفه (Check Valve)؛ انواع، انتخاب و نصب
control-valve-actuator-selection-guide.html,1681,94,1,0,1110,0,0,0,KEEP,راهنمای انتخاب اکچویتور کنترل ولو | Fail Action و Shutoff
ghz-80.html,1067,94,1,0,1110,1,0,0,KEEP,ترانسمیتر سطح راداری 80 گیگاهرتز؛ چرا فرکانس بالا مهم است؟
kc-ball-valve-seat-material-selection.html,1581,94,1,0,0000,0,0,0,KEEP,متریال نشیمنگاه شیر توپی Ball Valve | پیشرو تجهیز فرتاک
kc-butterfly-valve-torque-actuator-sizing.html,1630,94,1,0,0000,0,0,0,KEEP,گشتاور شیر Butterfly و انتخاب اکچویتور | پیشرو تجهیز فرتاک
kc-flowmeter-selection-by-fluid-application.html,1649,94,1,0,0000,0,0,0,KEEP,راهنمای انتخاب فلومتر بر اساس نوع سیال | پیشرو تجهیز فرتاک
kc-gate-valve-wedge-sticking-troubleshooting.html,1641,94,1,0,0000,0,0,0,KEEP,گیرکردن گوه شیر دروازه‌ای | پیشرو تجهیز فرتاک
kc-globe-valve-flow-direction-guide.html,1620,94,1,0,0000,0,0,0,KEEP,جهت صحیح نصب شیر Globe Valve | پیشرو تجهیز فرتاک
vendor-qualification.html,1075,94,1,0,1110,1,0,0,KEEP,راهنمای تایید صلاحیت تامین‌کننده (Vendor Qualification)
angle-valve.html,1076,95,1,0,1110,1,0,0,KEEP,راهنمای شیر زاویه‌ای؛ ساختار، کاربردها و نکات انتخاب
api-5l-x42.html,1105,95,1,0,1110,1,0,0,KEEP,راهنمای لوله خط انتقال گرید ایکس۴۲؛ مشخصات، کاربرد و نکات خرید
api-5l-x52.html,1078,95,1,0,1110,1,0,0,KEEP,راهنمای لوله خط انتقال گرید ایکس۵۲؛ مشخصات فنی و نکات خرید
api-5l-x65.html,1074,95,1,0,1110,1,0,0,KEEP,راهنمای لوله خط انتقال گرید ایکس۶۵؛ مشخصات فنی و نکات خرید
api-5l-x70.html,1087,95,1,0,1110,1,0,0,KEEP,راهنمای لوله خط انتقال گرید ایکس۷۰؛ مشخصات فنی و نکات خرید
article-002.html,1091,95,1,0,1110,1,0,0,KEEP,مقایسه لوله کربن استیل و استینلس استیل؛ کدام برای پروژه شما؟
article-004.html,1072,95,1,0,1110,1,0,0,KEEP,راهنمای آب‌بندی شیرآلات صنعتی؛ نشیمنگاه، پکینگ و کلاس نشتی
article-021.html,1068,95,1,0,1110,1,0,0,KEEP,راهنمای انتخاب شیر برای سرویس بخار؛ متریال، نوع و نکات فنی
article-023.html,1069,95,1,0,1110,1,0,0,KEEP,راهنمای انتخاب شیر برای خطوط گاز؛ نشتی، ایمنی و استانداردها
asme-b16-11-socket-weld-threaded.html,1065,95,1,0,1110,1,0,0,KEEP,راهنمای اتصالات فورج جوشی ساکت و رزوه‌ای (ASME B16.11)
asme-b36-10-pipe-dimensions.html,1085,95,1,0,1110,1,0,0,KEEP,استاندارد ابعاد لوله کربنی (B36.10)؛ قطر خارجی، ضخامت و تلرانس‌ها
astm-a105.html,1077,95,1,0,1110,1,0,0,KEEP,فولاد فورج کربنی ASTM A105؛ مشخصات، نرمالایز و نکات خرید
astm-a179.html,1076,95,1,0,1110,1,0,0,KEEP,راهنمای تیوب مبدل حرارتی کربنی (ASTM A179)؛ مشخصات و نکات سفارش
ball-vs-gate-valve-comparison.html,1086,95,1,0,1110,1,0,0,KEEP,مقایسه شیر توپی و شیر دروازه‌ای؛ کدام برای خط شما مناسب است؟
butterfly-valve-complete-guide.html,1063,95,1,0,1110,1,0,0,KEEP,راهنمای جامع شیر پروانه‌ای؛ ساختار، انواع و نکات انتخاب
control-valve-iec-60534.html,1101,95,1,0,1110,1,0,0,KEEP,شیر کنترل و استاندارد (IEC 60534)؛ سایزینگ، تست و انتخاب
en-10204-certificate-guide.html,1085,95,1,0,1110,1,0,0,KEEP,راهنمای کامل گواهی مواد و تست (EN 10204)؛ انواع ۲٫۱، ۲٫۲، ۳٫۱ و ۳٫۲
erw.html,1070,95,1,0,1110,1,0,0,KEEP,مقایسه لوله جوشی مستقیم (ERW) و لوله مارپیچ (اسپیرال)
esd-emergency-shutdown.html,1105,95,1,0,1110,1,0,0,KEEP,راهنمای سیستم (ESD)؛ قطع اضطراری در صنایع فرایندی
fire-gas-system-fgs.html,1118,95,1,0,1110,1,0,0,KEEP,راهنمای سیستم اعلام و اطفای حریق و گاز (FGS)
gas-control-valve-sizing-guide.html,1656,95,1,0,1110,0,0,0,KEEP,سایزینگ کنترل ولو گاز چیست؟ نکات انتخاب Gas Control Valve
hplc-gc.html,1061,95,1,0,1110,1,0,0,KEEP,راهنمای تجهیزات (HPLC) و (GC) در آزمایشگاه صنعتی
kc-a106-api-5l-standard-selection-by-project.html,1580,95,1,0,0000,0,0,0,KEEP,انتخاب استاندارد A106 یا API 5L بر اساس پروژه | پیشرو تجهیز فرتاک
kc-a106-mill-test-certificate-verification.html,1581,95,1,0,0000,0,0,0,KEEP,راستی‌آزمایی گواهی MTC لوله A106 Gr.B | پیشرو تجهیز فرتاک
kc-a333-low-temperature-impact-testing.html,1584,95,1,0,0000,0,0,0,KEEP,تست ضربهٔ دمای پایین لولهٔ A333 Gr.6 | پیشرو تجهیز فرتاک
kc-a53-vs-a106-selection-criteria.html,1632,95,1,0,0000,0,0,0,KEEP,معیار انتخاب بین لولهٔ ASTM A53 و A106 Gr.B | پیشرو تجهیز فرتاک
kc-api-5l-psl-charpy-impact-test.html,1547,95,1,0,0000,0,0,0,KEEP,تست ضربه شارپی لوله API 5L PSL2 | پیشرو تجهیز فرتاک
kc-astm-a106-heat-treatment-requirements.html,1580,95,1,0,0000,0,0,0,KEEP,عملیات حرارتی Normalizing لوله A106 | پیشرو تجهیز فرتاک
kc-ball-valve-api-6d-fire-safe-design.html,1642,95,1,0,0000,0,0,0,KEEP,طراحی Fire-Safe شیر توپی API 6D | پیشرو تجهیز فرتاک
kc-gate-valve-api-600-flexible-wedge-design.html,1684,95,1,0,0000,0,0,0,KEEP,طراحی گوهٔ منعطف در شیر دروازه‌ای API 600 | پیشرو تجهیز فرتاک
ndt-inspection-industrial-guide.html,1056,95,1,0,1110,1,0,0,KEEP,راهنمای تست‌های (NDT) در بازرسی صنعتی؛ روش‌ها و انتخاب
pmi-positive-material-identification.html,1077,95,1,0,1110,1,0,0,KEEP,راهنمای (PMI)؛ شناسایی مثبت متریال در بازرسی صنعتی
schedule-sch-40-80-160.html,1108,95,1,0,1110,1,0,0,KEEP,اسچول لوله (Schedule) چیست؟ جدول ضخامت و وزن دیواره
seamless-pipe-complete-guide.html,1084,95,1,0,1110,1,0,0,KEEP,راهنمای جامع لوله مانیسمان؛ تولید، استانداردها و نکات خرید
seamless-vs-erw-pipe-difference.html,1079,95,1,0,1110,1,0,0,KEEP,تفاوت لوله مانیسمان و لوله درزدار (جوشی)؛ مقایسه کامل فنی
steam-control-valve-sizing-guide.html,1788,95,1,0,1110,0,0,0,KEEP,سایزینگ کنترل ولو بخار چیست؟ نکات انتخاب Steam Control Valve
3-way-valve-l-port-t-port.html,1080,96,1,0,1110,1,0,0,KEEP,راهنمای شیر سه‌راهه؛ تفاوت پورت ال و تی و کاربرد هرکدام
a106-gr-b-a333-gr-6.html,1089,96,1,0,1110,1,0,0,KEEP,مقایسه لوله دمای بالا (A106 Gr.B) و دمای پایین (A333 Gr.6)
a333-gr-6.html,1115,96,1,0,1110,1,0,0,KEEP,راهنمای لوله کربن استیل دمای پایین (A333 Gr.6)؛ مشخصات و تست ضربه
api-5l-pipe-guide.html,1096,96,1,0,1110,1,0,0,KEEP,استاندارد لوله خط انتقال نفت و گاز (API 5L)؛ گریدها و الزامات
api-5l-x52-x60-x65.html,1076,96,1,0,1110,1,0,0,KEEP,مقایسه گریدهای لوله خط انتقال ایکس۵۲، ایکس۶۰ و ایکس۶۵
api-6d-ball-valve-standard.html,1061,96,1,0,1110,1,0,0,KEEP,راهنمای استاندارد شیرهای خطوط انتقال (API 6D)؛ سطوح و الزامات
article-003.html,1080,96,1,0,1110,1,0,0,KEEP,راهنمای انتخاب شیر بر اساس کلاس فشار؛ از ۱۵۰ تا ۲۵۰۰
article-005.html,1044,96,1,0,1110,1,0,0,KEEP,فلومتر کوریولیس؛ اندازه‌گیری مستقیم دبی جرمی و چگالی
article-014.html,1073,96,1,0,1110,1,0,0,KEEP,راهنمای جامع تامین تجهیزات خطوط لوله انتقال
article-027.html,1076,96,1,0,1110,1,0,0,KEEP,مقایسه شیر فولادی و چدنی؛ کدام برای تاسیسات شما مناسب است؟
article-031.html,1065,96,1,0,1110,1,0,0,KEEP,مقایسه برندهای شیرآلات اروپایی و آسیایی؛ معیارهای انتخاب پروژه‌محور
asme-b16-34.html,1075,96,1,0,1110,1,0,0,KEEP,راهنمای استاندارد طراحی شیرآلات (ASME B16.34)؛ کلاس، فشار و متریال
asme-b16-5.html,1085,96,1,0,1110,1,0,0,KEEP,استاندارد فلنج ASME B16.5؛ کلاس‌های فشار، انواع و ابعاد
asme-b16-9.html,1088,96,1,0,1110,1,0,0,KEEP,استاندارد اتصالات جوشی لب‌به‌لب (ASME B16.9)؛ زانو، سه‌راهی و تبدیل
asme-b36-19.html,1081,96,1,0,1110,1,0,0,KEEP,استاندارد ابعاد لوله استنلس (B36.19)؛ سری‌های ضخامت و تفاوت با کربنی
astm-a105-astm-a350-lf2.html,1093,96,1,0,1110,1,0,0,KEEP,مقایسه فورج کربنی دمای محیط (A105) و فورج دمای پایین (A350 LF2)
astm-a182-f304-f316.html,1080,96,1,0,1110,1,0,0,KEEP,راهنمای فورج استنلس (ASTM A182)؛ گریدهای ۳۰۴ و ۳۱۶
astm-a209.html,1067,96,1,0,1110,1,0,0,KEEP,راهنمای لوله و تیوب آلیاژی کربن-مولیبدن (ASTM A209)
astm-a213.html,1080,96,1,0,1110,1,0,0,KEEP,راهنمای تیوب آلیاژی دمای بالا (ASTM A213)؛ گریدهای تی۱۱، تی۲۲ و تی۹۱
astm-a234-wpb.html,1076,96,1,0,1110,1,0,0,KEEP,راهنمای متریال اتصالات جوشی کربنی (ASTM A234 WPB)؛ مشخصات و کاربرد
astm-a312.html,1079,96,1,0,1110,1,0,0,KEEP,راهنمای لوله استنلس استیل (ASTM A312)؛ گریدهای ۳۰۴ و ۳۱۶
astm-a403-wp304-wp316.html,1074,96,1,0,1110,1,0,0,KEEP,راهنمای اتصالات جوشی استنلس (ASTM A403)؛ گریدهای ۳۰۴ و ۳۱۶
butterfly-valve-api-609-concentric-offset.html,1076,96,1,0,1110,1,0,0,KEEP,راهنمای استاندارد شیر پروانه‌ای (API 609)؛ تمرکز و آفست‌ها
control-valve-cv-kv-difference.html,1900,96,1,0,1110,0,0,0,KEEP,تفاوت Cv و Kv در کنترل ولو چیست؟ فرمول تبدیل و کاربرد
flange-material-selection-guide.html,1068,96,1,0,1110,1,0,0,KEEP,راهنمای انتخاب جنس فلنج صنعتی بر اساس سیال، دما و کلاس فشار
gasket-types-guide.html,1077,96,1,0,1110,1,0,0,KEEP,راهنمای انواع گسکت صنعتی؛ انتخاب بر اساس کلاس، دما و سیال
gate-valve-complete-guide.html,1081,96,1,0,1110,1,0,0,KEEP,راهنمای جامع شیر دروازه‌ای (گیت ولو)؛ انواع، استانداردها و انتخاب
kc-304-vs-316-corrosion-resistance.html,1562,96,1,0,0000,0,0,0,KEEP,مقاومت به خوردگی 304 و 316 | پیشرو تجهیز فرتاک
kc-a179-tube-expansion-rolling-procedure.html,1601,96,1,0,0000,0,0,0,KEEP,اتصال لولهٔ A179 به Tube Sheet با Rolling | پیشرو تجهیز فرتاک
kc-a335-p11-p22-p91-welding-procedure.html,1561,96,1,0,0000,0,0,0,KEEP,جوشکاری لوله آلیاژی A335 P11/P22/P91 | پیشرو تجهیز فرتاک
kc-a335-pwht-post-weld-heat-treatment.html,1563,96,1,0,0000,0,0,0,KEEP,عملیات حرارتی پس از جوش (PWHT) لوله A335 | پیشرو تجهیز فرتاک
kc-air-cooled-fin-fan-selection-guide.html,1625,96,1,0,0000,0,0,0,KEEP,انتخاب فن مبدل هوایی Air Cooled برای اقلیم گرم
kc-amine-unit-foaming-corrosion-problems.html,1542,96,1,0,0000,0,0,0,KEEP,مشکلات کف‌کردن و خوردگی واحد آمین | پیشرو تجهیز فرتاک
kc-api-5l-psl2-sour-service-nace-requirements.html,1567,96,1,0,0000,0,0,0,KEEP,لوله NACE (سرویس ترش)؛ الزامات MR0175 برای API 5L PSL2 | پیشرو
kc-api-610-pump-curve-reading-guide.html,1617,96,1,0,0000,0,0,0,KEEP,خواندن منحنی پمپ API 610 | پیشرو تجهیز فرتاک
kc-api-617-surge-control-antisurge.html,1548,96,1,0,0000,0,0,0,KEEP,کنترل سرج کمپرسور API 617 | پیشرو تجهیز فرتاک
kc-api-618-vibration-pulsation-analysis.html,1567,96,1,0,0000,0,0,0,KEEP,ارتعاش و پالس کمپرسور API 618 | پیشرو تجهیز فرتاک
kc-bms-integration-fire-alarm-hvac.html,1550,96,1,0,0000,0,0,0,KEEP,یکپارچه‌سازی BMS با اعلام حریق و HVAC | پیشرو تجهیز فرتاک
kc-boiler-water-treatment-scale-prevention.html,1546,96,1,0,0000,0,0,0,KEEP,تصفیهٔ آب بویلر و پیشگیری از رسوب‌گذاری | پیشرو تجهیز فرتاک
kc-cctv-camera-selection-hazardous-area.html,1569,96,1,0,0000,0,0,0,KEEP,انتخاب دوربین CCTV ضدانفجار برای مناطق خطرناک | پیشرو تجهیز فرتاک
kc-cement-kiln-refractory-lining-guide.html,1548,96,1,0,0000,0,0,0,KEEP,راهنمای نسوزکاری کورهٔ سیمان Kiln Refractory | پیشرو تجهیز فرتاک
kc-cf8-cf8m-casting-defects-inspection.html,1551,96,1,0,0000,0,0,0,KEEP,عیوب ریخته‌گری و بازرسی بدنهٔ شیر CF8/CF8M | پیشرو تجهیز فرتاک
kc-chemical-injection-pump-metering-accuracy.html,1596,96,1,0,0000,0,0,0,KEEP,دقت اندازه‌گیری پمپ تزریق مواد شیمیایی | پیشرو تجهیز فرتاک
kc-cold-drawn-hot-rolled-dimensional-tolerance.html,1612,96,1,0,0000,0,0,0,KEEP,تلورانس ابعادی لولهٔ کشش سرد و نورد گرم | پیشرو تجهیز فرتاک
kc-commissioning-punch-list-management.html,1545,96,1,0,0000,0,0,0,KEEP,مدیریت Punch List در Commissioning | پیشرو تجهیز فرتاک
kc-compressor-selection-screw-vs-reciprocating.html,1599,96,1,0,0000,0,0,0,KEEP,مقایسهٔ کمپرسور اسکرو و رفت‌وبرگشتی | پیشرو تجهیز فرتاک
kc-control-valve-noise-prediction-iec-60534.html,1549,96,1,0,0000,0,0,0,KEEP,پیش‌بینی نویز آیرودینامیک کنترل ولو IEC 60534 | پیشرو تجهیز فرتاک
kc-control-valve-rangeability-turndown.html,1552,96,1,0,0000,0,0,0,KEEP,رنج‌پذیری و نسبت Turndown کنترل ولو | پیشرو تجهیز فرتاک
kc-cooling-water-legionella-control.html,1554,96,1,0,0000,0,0,0,KEEP,کنترل لژیونلا در سیستم آب خنک‌کننده | پیشرو تجهیز فرتاک
kc-ct-pt-accuracy-class-burden.html,1542,96,1,0,0000,0,0,0,KEEP,کلاس دقت و بار مجاز CT/PT | پیشرو تجهیز فرتاک
kc-customs-clearance-hs-code-tariff-guide.html,1538,96,1,0,0000,0,0,0,KEEP,راهنمای کد HS و تعرفهٔ گمرکی تجهیزات صنعتی | پیشرو تجهیز فرتاک
kc-dcs-redundancy-architecture-guide.html,1550,96,1,0,0000,0,0,0,KEEP,معماری افزونگی (Redundancy) سیستم DCS | پیشرو تجهیز فرتاک
kc-desalter-electrostatic-grid-troubleshooting.html,1548,96,1,0,0000,0,0,0,KEEP,عیب‌یابی شبکهٔ الکترواستاتیک دیسالتر | پیشرو تجهیز فرتاک
kc-earthing-grid-resistance-testing.html,1543,96,1,0,0000,0,0,0,KEEP,تست مقاومت شبکهٔ زمین (Earthing Grid) | پیشرو تجهیز فرتاک
kc-erw-hfw-weld-seam-inspection.html,1601,96,1,0,0000,0,0,0,KEEP,بازرسی درز جوش لوله ERW و HFW | پیشرو تجهیز فرتاک
kc-esd-fire-gas-sil-rated-design.html,1593,96,1,0,0000,0,0,0,KEEP,طراحی سیستم ESD/F&G بر اساس SIL | پیشرو تجهیز فرتاک
kc-explosion-proof-lighting-zone-classification.html,1548,96,1,0,0000,0,0,0,KEEP,روشنایی ضدانفجار و تطبیق با طبقه‌بندی مناطق | پیشرو تجهیز فرتاک
kc-fcc-catalyst-regeneration-process.html,1542,96,1,0,0000,0,0,0,KEEP,فرآیند احیای کاتالیست در واحد FCC | پیشرو تجهیز فرتاک
kc-fire-suppression-agent-selection-guide.html,1487,96,1,0,0000,0,0,0,KEEP,راهنمای انتخاب عامل اطفاء حریق صنعتی | پیشرو تجهیز فرتاک
kc-gas-analyzer-calibration-zero-span.html,1552,96,1,0,0000,0,0,0,KEEP,کالیبراسیون Zero و Span آنالایزر گازی | پیشرو تجهیز فرتاک
kc-gasket-selection-by-fluid-temperature.html,1602,96,1,0,0000,0,0,0,KEEP,انتخاب گسکت بر اساس سیال و دما | پیشرو تجهیز فرتاک
kc-heat-tracing-power-calculation-guide.html,1592,96,1,0,0000,0,0,0,KEEP,محاسبهٔ توان سیستم Heat Tracing لوله | پیشرو تجهیز فرتاک
kc-hse-permit-to-work-system-guide.html,1555,96,1,0,0000,0,0,0,KEEP,سیستم مجوز کار (Permit to Work) صنعتی | پیشرو تجهیز فرتاک
kc-hvac-pressurization-control-room.html,1564,96,1,0,0000,0,0,0,KEEP,فشار مثبت اتاق کنترل طبق NFPA 496 | پیشرو تجهیز فرتاک
kc-hydrotest-pressure-holding-time-calculation.html,1607,96,1,0,0000,0,0,0,KEEP,محاسبهٔ فشار تست و زمان نگه‌داشت هیدرواستاتیک | پیشرو تجهیز فرتاک
kc-incoterms-fob-cif-risk-transfer-comparison.html,1514,96,1,0,0000,0,0,0,KEEP,مقایسهٔ انتقال ریسک در ترم‌های FOB و CIF | پیشرو تجهیز فرتاک
kc-international-lc-payment-terms-guide.html,1482,96,1,0,0000,0,0,0,KEEP,راهنمای اعتبار اسنادی (LC) در خرید بین‌المللی | پیشرو تجهیز فرتاک
kc-lap-joint-stub-end-rotation-installation.html,1615,96,1,0,0000,0,0,0,KEEP,نصب و چرخش صحیح فلنج Lap Joint روی Stub End | پیشرو تجهیز فرتاک
kc-lng-boil-off-gas-management.html,1542,96,1,0,0000,0,0,0,KEEP,مدیریت گاز تبخیرشدهٔ LNG (Boil-Off Gas) | پیشرو تجهیز فرتاک
kc-load-cell-calibration-procedure.html,1568,96,1,0,0000,0,0,0,KEEP,کالیبراسیون لودسل با وزنه مرجع OIML | پیشرو تجهیز فرتاک
kc-lubrication-oil-analysis-condition-monitoring.html,1574,96,1,0,0000,0,0,0,KEEP,آنالیز روغن و پایش وضعیت تجهیزات دوار | پیشرو تجهیز فرتاک
kc-mv-switchgear-arc-flash-study.html,1576,96,1,0,0000,0,0,0,KEEP,مطالعهٔ قوس الکتریکی تابلوهای فشار متوسط | پیشرو تجهیز فرتاک
kc-ndt-method-selection-by-defect-type.html,1557,96,1,0,0000,0,0,0,KEEP,راهنمای انتخاب روش NDT بر اساس نوع عیب | پیشرو تجهیز فرتاک
kc-ngl-recovery-turboexpander-process.html,1559,96,1,0,0000,0,0,0,KEEP,فرآیند Turboexpander در بازیافت NGL | پیشرو تجهیز فرتاک
kc-nitrogen-purging-procedure-safety.html,1547,96,1,0,0000,0,0,0,KEEP,رویهٔ ایمن پرج نیتروژن (Nitrogen Purging) | پیشرو تجهیز فرتاک
kc-offshore-subsea-pipeline-cathodic-protection.html,1551,96,1,0,0000,0,0,0,KEEP,حفاظت کاتدی خط لولهٔ زیردریایی Offshore | پیشرو تجهیز فرتاک
kc-olefin-cracking-furnace-coil-design.html,1578,96,1,0,0000,0,0,0,KEEP,طراحی کویل کورهٔ کراکینگ الفین | پیشرو تجهیز فرتاک
kc-pipeline-coating-holiday-detection.html,1554,96,1,0,0000,0,0,0,KEEP,پوشش خط لوله و تشخیص عیب پوشش Holiday | پیشرو تجهیز فرتاک
kc-pipeline-pigging-cleaning-operations.html,1554,96,1,0,0000,0,0,0,KEEP,عملیات پیگینگ و تمیزکاری خط لوله (Pigging) | پیشرو تجهیز فرتاک
kc-pipeline-welding-npi-qualification.html,1547,96,1,0,0000,0,0,0,KEEP,تایید صلاحیت جوشکار و روش جوشکاری خط لوله | پیشرو تجهیز فرتاک
kc-plc-programming-languages-guide.html,1582,96,1,0,0000,0,0,0,KEEP,زبان‌های برنامه‌نویسی PLC | پیشرو تجهیز فرتاک
kc-pm-predictive-vs-preventive-strategy.html,1544,96,1,0,0000,0,0,0,KEEP,نگهداری پیشگویانه در برابر پیشگیرانه | پیشرو تجهیز فرتاک
kc-ppe-selection-by-hazard-category.html,1543,96,1,0,0000,0,0,0,KEEP,راهنمای انتخاب PPE بر اساس دستهٔ خطر | پیشرو تجهیز فرتاک
kc-pressure-gauge-glycerin-fill-guide.html,1550,96,1,0,0000,0,0,0,KEEP,گیج فشار پرشده با گلیسیرین | پیشرو تجهیز فرتاک
kc-pressure-transmitter-range-selection.html,1628,96,1,0,0000,0,0,0,KEEP,انتخاب رنج ترانسمیتر فشار | پیشرو تجهیز فرتاک
kc-protective-relay-coordination-curve.html,1548,96,1,0,0000,0,0,0,KEEP,منحنی هماهنگی رله‌های حفاظتی (Coordination) | پیشرو تجهیز فرتاک
kc-psv-set-pressure-blowdown-adjustment.html,1616,96,1,0,0000,0,0,0,KEEP,تنظیم فشار ست و Blowdown شیر اطمینان PSV | پیشرو تجهیز فرتاک
kc-purchase-order-terms-conditions-guide.html,1551,96,1,0,0000,0,0,0,KEEP,بندهای حقوقی سفارش خرید (PO) | پیشرو تجهیز فرتاک
kc-reciprocating-pump-packing-seal-guide.html,1551,96,1,0,0000,0,0,0,KEEP,آب‌بندی Packing پمپ رفت‌وبرگشتی | پیشرو تجهیز فرتاک
kc-refinery-distillation-column-tray-design.html,1545,96,1,0,0000,0,0,0,KEEP,طراحی سینی برج تقطیر پالایشگاه | پیشرو تجهیز فرتاک
kc-sawh-vs-lsaw-comparison.html,1575,96,1,0,0000,0,0,0,KEEP,مقایسه لوله اسپیرال SAWH و LSAW | پیشرو تجهیز فرتاک
kc-shell-tube-heat-exchanger-tema-guide.html,1654,96,1,0,0000,0,0,0,KEEP,انتخاب کلاس TEMA مبدل Shell & Tube | پیشرو تجهیز فرتاک
kc-slurry-valve-abrasion-wear-life-estimation.html,1551,96,1,0,0000,0,0,0,KEEP,تخمین عمر سایشی شیرهای دوغاب Slurry Valve | پیشرو تجهیز فرتاک
kc-sru-claus-process-efficiency.html,1572,96,1,0,0000,0,0,0,KEEP,راندمان فرآیند کلاوس (Claus) در واحد SRU | پیشرو تجهیز فرتاک
kc-stainless-steel-pipe-passivation-procedure.html,1604,96,1,0,0000,0,0,0,KEEP,پسیو کردن لولهٔ استینلس استیل بعد از جوش | پیشرو تجهیز فرتاک
kc-steam-turbine-blade-erosion-prevention.html,1550,96,1,0,0000,0,0,0,KEEP,پیشگیری از فرسایش پرهٔ توربین بخار | پیشرو تجهیز فرتاک
kc-steel-continuous-casting-mold-cooling.html,1549,96,1,0,0000,0,0,0,KEEP,خنک‌کاری قالب ریخته‌گری مداوم فولاد | پیشرو تجهیز فرتاک
kc-sulfur-recovery-tail-gas-treatment.html,1544,96,1,0,0000,0,0,0,KEEP,واحد تصفیهٔ گاز دنباله TGTU در بازیافت گوگرد | پیشرو تجهیز فرتاک
kc-teg-dehydration-glycol-loss-control.html,1544,96,1,0,0000,0,0,0,KEEP,کنترل اتلاف گلایکول در واحد آب‌گیری TEG | پیشرو تجهیز فرتاک
kc-thermocouple-cold-junction-compensation.html,1542,96,1,0,0000,0,0,0,KEEP,جبران‌سازی نقطهٔ سرد ترموکوپل (CJC) | پیشرو تجهیز فرتاک
kc-valve-leak-test-acceptance-criteria.html,1549,96,1,0,0000,0,0,0,KEEP,معیارهای پذیرش تست نشتی شیرآلات | پیشرو تجهیز فرتاک
kc-washer-material-torque-relaxation.html,1559,96,1,0,0000,0,0,0,KEEP,مادهٔ واشر و نشست گشتاور در اتصالات صنعتی | پیشرو تجهیز فرتاک
kc-wastewater-sludge-treatment-methods.html,1550,96,1,0,0000,0,0,0,KEEP,روش‌های تصفیهٔ لجن پساب صنعتی | پیشرو تجهیز فرتاک
o2-co2-h2s.html,1105,96,1,0,1110,1,0,0,KEEP,آنالایزر گاز صنعتی؛ اندازه‌گیری (O2)، (CO2) و (H2S)
oil-gas-industry-supply-guide.html,1122,96,1,0,1110,1,0,0,KEEP,راهنمای تامین تجهیزات صنایع نفت و گاز
pipe-fittings-guide.html,1065,96,1,0,1110,1,0,0,KEEP,راهنمای جامع اتصالات فیتینگ پایپینگ؛ انواع، استانداردها و انتخاب
pressure-gauge-asme-b40-100.html,1112,96,1,0,1110,1,0,0,KEEP,گیج فشار و استاندارد (ASME B40.100)؛ انتخاب و نکات خرید
socket-weld-threaded.html,1075,96,1,0,1110,1,0,0,KEEP,فلنج جوشی ساکت یا رزوه‌ای؟ مقایسه فنی و راهنمای انتخاب
ss304-ss316.html,1084,96,1,0,1110,1,0,0,KEEP,مقایسه لوله استنلس ۳۰۴ و ۳۱۶؛ کدام گرید برای سرویس شما؟
transit-time-doppler.html,1155,96,1,0,1110,1,0,0,KEEP,فلومتر اولتراسونیک؛ ترانزیت‌تایم و داپلر، انتخاب و نصب
wn-vs-so-flange-comparison.html,1078,96,1,0,1110,1,0,0,KEEP,مقایسه فلنج گلودار و اسلیپ‌آن؛ کدام برای خط شما مناسب است؟
kc-actuator-fail-safe-position-guide.html,1633,97,1,0,0000,0,0,0,KEEP,انتخاب وضعیت ایمن Fail-Safe محرک شیرآلات | پیشرو تجهیز فرتاک
kc-api-5l-x60-pipeline-design-factor.html,1568,97,1,0,0000,0,0,0,KEEP,ضریب طراحی لولهٔ API 5L X60 طبق ASME B31.8 | پیشرو تجهیز فرتاک
kc-flange-class-900-2500-bolt-torque-table.html,1623,97,1,0,0000,0,0,0,KEEP,جدول گشتاور پیچ فلنج Class 900 تا 2500 | پیشرو تجهیز فرتاک
kc-heat-exchanger-tema-class-selection.html,1620,97,1,0,0000,0,0,0,KEEP,راهنمای انتخاب کلاس TEMA مبدل حرارتی | پیشرو تجهیز فرتاک
kc-lightning-arrester-coordination-study.html,1550,97,1,0,0000,0,0,0,KEEP,مطالعهٔ هماهنگی برقگیر صنعتی | پیشرو تجهیز فرتاک
kc-orifice-plate-beta-ratio-sizing.html,1551,97,1,0,0000,0,0,0,KEEP,محاسبهٔ نسبت بتا صفحهٔ اریفیس (ISO 5167) | پیشرو تجهیز فرتاک
kc-pipe-wall-thickness-corrosion-allowance.html,1545,97,1,0,0000,0,0,0,KEEP,محاسبهٔ ضخامت لوله و حاشیهٔ خوردگی | پیشرو تجهیز فرتاک
kc-radar-level-transmitter-tank-installation.html,1609,97,1,0,0000,0,0,0,KEEP,نصب صحیح ترانسمیتر سطح راداری در مخازن | پیشرو تجهیز فرتاک
kc-ups-battery-sizing-autonomy-calculation.html,1553,97,1,0,0000,0,0,0,KEEP,محاسبهٔ سایز باتری و زمان اتونومی UPS | پیشرو تجهیز فرتاک
kc-vfd-harmonic-distortion-mitigation.html,1627,97,1,0,0000,0,0,0,KEEP,کاهش هارمونیک ناشی از درایو VFD | پیشرو تجهیز فرتاک
nace-mr0175-sour-service-guide.html,910,98,1,0,0000,0,0,0,KEEP,NACE MR0175 و سرویس اسیدی؛ راهنمای انتخاب لوله و فلنج
flange-arak-guide.html,651,100,1,0,0000,0,0,0,KEEP,فلنج اراک؛ راهنمای خرید، استانداردها و راستی‌آزمایی کیفیت | پیشرو
industrial-procurement-documentation-guide.html,1468,100,1,0,1100,0,0,0,KEEP,راهنمای مدارک خرید تجهیزات صنعتی؛ MTC، COC، TPI و Data Book
industrial-valve-standards-guide.html,482,100,1,0,0000,0,0,0,KEEP,استانداردهای شیرآلات صنعتی؛ API 600، ASME B16.34 و ISO 5208
rosemount-pressure-transmitter-family.html,931,100,1,0,0000,0,0,0,KEEP,ترانسمیتر فشار روزمونت 3051؛ انتخاب مدل و Model Code
