file,family,ops,related_targets
knowledge-center/3-way-valve-l-port-t-port.html,GOOD,toc11|byline|related-exists,
knowledge-center/a106-api-5l.html,GOOD,toc8|byline|related-exists,
knowledge-center/a106-gr-b-a333-gr-6.html,GOOD,toc9|byline|related-exists,
knowledge-center/a333-gr-6.html,GOOD,toc11|byline|related-exists,
knowledge-center/a53-pipe-specifications.html,B,rename:B|toc14|byline|related-exists,
knowledge-center/acb-circuit-breaker-guide.html,GOOD,toc8|byline|related-exists,
knowledge-center/angle-valve.html,GOOD,toc11|byline|related-exists,
knowledge-center/ansi-ieee-c37.html,GOOD,toc8|byline|related-exists,
knowledge-center/api-5l-pipe-guide.html,GOOD,toc10|byline|related-exists,
knowledge-center/api-5l-x42.html,GOOD,toc11|byline|related-exists,
knowledge-center/api-5l-x52-x60-x65.html,GOOD,toc9|byline|related-exists,
knowledge-center/api-5l-x52.html,GOOD,toc10|byline|related-exists,
knowledge-center/api-5l-x65.html,GOOD,toc10|byline|related-exists,
knowledge-center/api-5l-x70.html,GOOD,toc10|byline|related-exists,
knowledge-center/api-600-gate-valve-standard.html,GOOD,toc11|byline|related-exists,
knowledge-center/api-602-small-gate-valve.html,B,shortest×1|rename:B|toc8|byline|related×3,kc-ups-battery-sizing-autonomy-calculation.html;api-600-gate-valve-standard.html;kc-gate-valve-api-600-flexible-wedge-design.html
knowledge-center/api-6d-ball-valve-standard.html,GOOD,toc11|byline|related-exists,
knowledge-center/article-001.html,GOOD,toc8|byline|related-exists,
knowledge-center/article-002.html,GOOD,toc10|byline|related-exists,
knowledge-center/article-003.html,GOOD,toc11|byline|related-exists,
knowledge-center/article-004.html,GOOD,toc11|byline|related-exists,
knowledge-center/article-005.html,GOOD,toc9|byline|related-exists,
knowledge-center/article-006.html,GOOD,toc8|byline|related-exists,
knowledge-center/article-007.html,GOOD,toc8|byline|related-exists,
knowledge-center/article-008.html,GOOD,toc9|byline|related-exists,
knowledge-center/article-009.html,GOOD,toc9|byline|related-exists,
knowledge-center/article-010.html,GOOD,toc9|byline|related-exists,
knowledge-center/article-011.html,GOOD,toc9|byline|related-exists,
knowledge-center/article-013.html,GOOD,toc9|byline|related-exists,
knowledge-center/article-014.html,GOOD,toc10|byline|related-exists,
knowledge-center/article-015.html,GOOD,toc9|byline|related-exists,
knowledge-center/article-016.html,GOOD,toc9|byline|related-exists,
knowledge-center/article-017.html,GOOD,toc9|byline|related-exists,
knowledge-center/article-021.html,GOOD,toc11|byline|related-exists,
knowledge-center/article-023.html,GOOD,toc11|byline|related-exists,
knowledge-center/article-027.html,GOOD,toc11|byline|related-exists,
knowledge-center/article-031.html,GOOD,toc10|byline|related-exists,
knowledge-center/article-041.html,GOOD,toc8|byline|related-exists,
knowledge-center/article-052.html,GOOD,toc8|byline|related-exists,
knowledge-center/article-059.html,GOOD,toc8|byline|related-exists,
knowledge-center/asme-b16-11-socket-weld-threaded.html,GOOD,toc12|byline|related-exists,
knowledge-center/asme-b16-34.html,GOOD,toc11|byline|related-exists,
knowledge-center/asme-b16-5.html,GOOD,toc10|byline|related-exists,
knowledge-center/asme-b16-9.html,GOOD,toc10|byline|related-exists,
knowledge-center/asme-b31-1.html,GOOD,toc9|byline|related-exists,
knowledge-center/asme-b31-3-process-piping-guide.html,B,shortest×1|rename:B|toc8|byline|related×3,asme-b31-1.html;asme-b31-3.html;kc-hse-permit-to-work-system-guide.html
knowledge-center/asme-b31-3.html,GOOD,toc8|byline|related-exists,
knowledge-center/asme-b36-10-pipe-dimensions.html,GOOD,toc10|byline|related-exists,
knowledge-center/asme-b36-19.html,GOOD,toc9|byline|related-exists,
knowledge-center/astm-a105-astm-a350-lf2.html,GOOD,toc10|byline|related-exists,
knowledge-center/astm-a105-vs-a234.html,B,shortest×1|rename:B|toc8|byline|related-exists,
knowledge-center/astm-a105.html,GOOD,toc9|byline|related-exists,
knowledge-center/astm-a106-a53.html,GOOD,toc8|byline|related-exists,
knowledge-center/astm-a179.html,GOOD,toc10|byline|related-exists,
knowledge-center/astm-a182-f304-f316.html,GOOD,toc12|byline|related-exists,
knowledge-center/astm-a209.html,GOOD,toc12|byline|related-exists,
knowledge-center/astm-a213.html,GOOD,toc10|byline|related-exists,
knowledge-center/astm-a234-wpb.html,GOOD,toc12|byline|related-exists,
knowledge-center/astm-a312.html,GOOD,toc9|byline|related-exists,
knowledge-center/astm-a403-wp304-wp316.html,GOOD,toc12|byline|related-exists,
knowledge-center/astm-jis.html,GOOD,toc9|byline|related-exists,
knowledge-center/astm-piping-standards-guide.html,B,shortest×1|rename:B|toc8|byline|related×3,industrial-valve-standards-guide.html;instrument-calibration-standards.html;astm-jis.html
knowledge-center/atex-iecex-hazardous-area-guide.html,B,shortest×1|rename:B|toc8|byline|related×3,kc-cctv-camera-selection-hazardous-area.html;kc-explosion-proof-lighting-zone-classification.html;api-600-gate-valve-standard.html
knowledge-center/ball-vs-gate-valve-comparison.html,GOOD,toc8|byline|related-exists,
knowledge-center/butterfly-valve-api-609-concentric-offset.html,GOOD,toc11|byline|related-exists,
knowledge-center/butterfly-valve-complete-guide.html,GOOD,toc12|byline|related-exists,
knowledge-center/cement-industry-supply-guide.html,B,shortest×1|rename:B|toc8|byline|related-exists,
knowledge-center/cerabar.html,GOOD,toc9|byline|related-exists,
knowledge-center/check-valve-complete-guide.html,GOOD,toc11|byline|related-exists,
knowledge-center/check-valve-swing-lift-dual-plate.html,GOOD,toc10|byline|related-exists,
knowledge-center/class-i-class-vi.html,GOOD,toc10|byline|related-exists,
knowledge-center/conductivity-meter.html,GOOD,toc9|byline|related-exists,
knowledge-center/contactor-bimetal-guide.html,B,shortest×1|rename:B|toc8|byline|related-exists,
knowledge-center/control-valve-actuator-selection-guide.html,GOOD,toc11|byline|related-exists,
knowledge-center/control-valve-cavitation-guide.html,GOOD,toc9|byline|related-exists,
knowledge-center/control-valve-complete-guide.html,B,shortest×1|rename:B|toc8|byline|related×3,control-valve-cv-calculation-guide.html;gas-control-valve-sizing-guide.html;steam-control-valve-sizing-guide.html
knowledge-center/control-valve-cv-calculation-guide.html,GOOD,toc9|byline|related-exists,
knowledge-center/control-valve-cv-kv-difference.html,GOOD,toc11|byline|related-exists,
knowledge-center/control-valve-iec-60534.html,GOOD,toc10|byline|related-exists,
knowledge-center/corrosion-resistant-equipment-guide.html,B,shortest×1|rename:B|toc8|byline|related-exists,
knowledge-center/cryogenic-valve-lng.html,GOOD,toc9|byline|related-exists,
knowledge-center/diaphragm-seal-guide.html,B,shortest×1|rename:B|toc8|byline|related×3,diaphragm-valve.html;kc-reciprocating-pump-packing-seal-guide.html;hart-protocol-complete-guide.html
knowledge-center/diaphragm-valve.html,GOOD,toc10|byline|related-exists,
knowledge-center/differential-pressure-transmitter-guide.html,GOOD,toc9|byline|related-exists,
knowledge-center/din-ansi.html,GOOD,toc9|byline|related-exists,
knowledge-center/distribution-transformer.html,GOOD,toc9|byline|related-exists,
knowledge-center/dpt.html,B,rename:B|toc8|byline|related×3,differential-pressure-transmitter-guide.html;kc-flowmeters-10-methods.html;mfc-mass-flow-controller.html
knowledge-center/dual-plate-check-valve.html,GOOD,toc9|byline|related-exists,
knowledge-center/electrical-brands-comparison.html,B,shortest×1|rename:B|toc8|byline|related-exists,
knowledge-center/en-10204-certificate-guide.html,GOOD,toc9|byline|related-exists,
knowledge-center/epc-supply-chain-management-guide.html,B,shortest×1|rename:B|toc8|byline|related-exists,
knowledge-center/erw.html,GOOD,toc10|byline|related-exists,
knowledge-center/esd-emergency-shutdown.html,GOOD,toc9|byline|related-exists,
knowledge-center/fire-gas-system-fgs.html,GOOD,toc9|byline|related-exists,
knowledge-center/fire-test-api-607.html,GOOD,toc9|byline|related-exists,
knowledge-center/flange-arak-guide.html,A,rename:A|toc7|byline|related×3,kc-a106-mill-test-certificate-verification.html;quality-assurance-supply-guide.html;article-023.html
knowledge-center/flange-bolting-guide.html,B,shortest×1|rename:B|toc14|byline|related×3,kc-flange-class-900-2500-bolt-torque-table.html;asme-b16-11-socket-weld-threaded.html;asme-b16-9.html
knowledge-center/flange-material-selection-guide.html,GOOD,toc11|byline|related-exists,
knowledge-center/flange-types-complete-guide.html,B,rename:B|toc15|byline|related×3,asme-b16-5.html;astm-a105-astm-a350-lf2.html;flange-arak-guide.html
knowledge-center/flowmeter-types-guide.html,GOOD,toc9|byline|related-exists,
knowledge-center/gas-analyzer-industry-guide.html,B,shortest×1|rename:B|toc8|byline|related×3,kc-gc-ph-o2-h2s.html;kc-fm200-co2-foam-water.html;o2-co2-h2s.html
knowledge-center/gas-control-valve-sizing-guide.html,GOOD,toc11|byline|related-exists,
knowledge-center/gasket-types-guide.html,GOOD,toc11|byline|related-exists,
knowledge-center/gate-valve-complete-guide.html,GOOD,toc9|byline|related-exists,
knowledge-center/gearbox-handwheel-worm-gear.html,GOOD,toc9|byline|related-exists,
knowledge-center/ghz-80.html,GOOD,toc9|byline|related-exists,
knowledge-center/globe-angle-valve.html,GOOD,toc9|byline|related-exists,
knowledge-center/globe-gate-valve.html,GOOD,toc9|byline|related-exists,
knowledge-center/globe-valve-complete-guide.html,GOOD,toc10|byline|related-exists,
knowledge-center/hart-calibration-training.html,B,shortest×1|rename:B|toc8|byline|related×3,hart-protocol-complete-guide.html;kc-technical-personnel-training.html;instrument-calibration-standards.html
knowledge-center/hart-protocol-complete-guide.html,GOOD,toc8|byline|related-exists,
knowledge-center/high-pressure-equipment-guide.html,B,shortest×1|rename:B|toc8|byline|related-exists,
knowledge-center/high-temperature.html,GOOD,toc10|byline|related-exists,
knowledge-center/hplc-gc.html,GOOD,toc8|byline|related-exists,
knowledge-center/hydrostatic-level-transmitter.html,B,shortest×1|rename:B|toc8|byline|related×3,article-006.html;article-001.html;kc-hydrotest-pressure-holding-time-calculation.html
knowledge-center/hydrostatic-test-pipe-guide.html,B,shortest×1|rename:B|toc15|byline|related×3,article-001.html;kc-hydrotest-pressure-holding-time-calculation.html;article-006.html
knowledge-center/incoterms-industrial-trade-guide.html,B,shortest×1|rename:B|toc8|byline|related-exists,
knowledge-center/industrial-cable-selection-guide.html,B,shortest×1|rename:B|toc8|byline|related×1,kc-cable-tray-cable-duct.html
knowledge-center/industrial-procurement-documentation-guide.html,GOOD,toc11|byline|related×3,kc-a106-mill-test-certificate-verification.html;article-003.html;class-i-class-vi.html
knowledge-center/industrial-valve-standards-guide.html,A,rename:A|toc8|byline|related×3,kc-api-598-iso-5208.html;kc-orifice-plate-beta-ratio-sizing.html;astm-piping-standards-guide.html
knowledge-center/instrument-calibration-standards.html,B,shortest×1|rename:B|toc8|byline|related×3,hart-calibration-training.html;industrial-valve-standards-guide.html;astm-piping-standards-guide.html
knowledge-center/international-supply-contract-guide.html,B,shortest×1|rename:B|toc8|byline|related-exists,
knowledge-center/ip-rating-industrial-equipment-guide.html,B,shortest×1|rename:B|toc8|byline|related×3,api-600-gate-valve-standard.html;api-6d-ball-valve-standard.html;asme-b16-34.html
knowledge-center/kc-304-316.html,A,rename:A|toc11|byline|related×3,kc-304-vs-316-corrosion-resistance.html;article-002.html;kc-stainless-steel-pipe-passivation-procedure.html
knowledge-center/kc-304-vs-316-corrosion-resistance.html,A,rename:A|toc11|byline|related-exists,
knowledge-center/kc-a106-api-5l-standard-selection-by-project.html,A,rename:A|toc19|byline|related-exists,
knowledge-center/kc-a106-mill-test-certificate-verification.html,A,rename:A|toc18|byline|related-exists,
knowledge-center/kc-a179-tube-expansion-rolling-procedure.html,A,rename:A|toc20|byline|related-exists,
knowledge-center/kc-a333-low-temperature-impact-testing.html,A,rename:A|toc20|byline|related-exists,
knowledge-center/kc-a335-p11-p22-p91-welding-procedure.html,A,rename:A|toc11|byline|related-exists,
knowledge-center/kc-a335-pwht-post-weld-heat-treatment.html,A,rename:A|toc17|byline|related-exists,
knowledge-center/kc-a335.html,A,rename:A|toc11|byline|related×3,astm-a209.html;kc-a335-p11-p22-p91-welding-procedure.html;kc-a335-pwht-post-weld-heat-treatment.html
knowledge-center/kc-a53-vs-a106-selection-criteria.html,A,rename:A|toc19|byline|related-exists,
knowledge-center/kc-actuator-fail-safe-position-guide.html,A,rename:A|toc18|byline|related-exists,
knowledge-center/kc-actuator.html,A,rename:A|toc11|byline|related×3,valve-actuator-types-guide.html;kc-cv-actuator.html;kc-actuator-fail-safe-position-guide.html
knowledge-center/kc-air-cooled-fin-fan-selection-guide.html,A,rename:A|toc10|byline|related-exists,
knowledge-center/kc-air-cooled.html,A,rename:A|toc10|byline|related×3,kc-air-cooled-fin-fan-selection-guide.html;kc-shell-tube.html;acb-circuit-breaker-guide.html
knowledge-center/kc-amine-unit-foaming-corrosion-problems.html,A,rename:A|toc21|byline|related-exists,
knowledge-center/kc-ansi-50-51-87-21.html,A,rename:A|toc10|byline|related×3,protective-relay-guide.html;kc-protective-relay-coordination-curve.html;din-ansi.html
knowledge-center/kc-api-598-iso-5208.html,A,rename:A|toc11|byline|related×3,industrial-valve-standards-guide.html;kc-orifice-plate-beta-ratio-sizing.html;class-i-class-vi.html
knowledge-center/kc-api-5l-psl-charpy-impact-test.html,A,rename:A|toc12|byline|related-exists,
knowledge-center/kc-api-5l-psl1-psl2.html,A,rename:A|toc11|byline|related×3,seamless-pipe-complete-guide.html;kc-api-5l-psl-charpy-impact-test.html;kc-api-5l-psl2-sour-service-nace-requirements.html
knowledge-center/kc-api-5l-psl2-sour-service-nace-requirements.html,A,rename:A|toc20|byline|related-exists,
knowledge-center/kc-api-5l-x60-pipeline-design-factor.html,A,rename:A|toc18|byline|related-exists,
knowledge-center/kc-api-610-pump-curve-reading-guide.html,A,rename:A|toc11|byline|related-exists,
knowledge-center/kc-api-610.html,A,rename:A|toc10|byline|related×3,kc-api-610-pump-curve-reading-guide.html;kc-api-617-surge-control-antisurge.html;kc-api-617.html
knowledge-center/kc-api-617-surge-control-antisurge.html,A,rename:A|toc12|byline|related-exists,
knowledge-center/kc-api-617.html,A,rename:A|toc10|byline|related×3,kc-api-617-surge-control-antisurge.html;kc-api-610-pump-curve-reading-guide.html;kc-api-618-vibration-pulsation-analysis.html
knowledge-center/kc-api-618-vibration-pulsation-analysis.html,A,rename:A|toc11|byline|related-exists,
knowledge-center/kc-api-618.html,A,rename:A|toc10|byline|related×3,kc-reciprocating-pump.html;kc-api-618-vibration-pulsation-analysis.html;kc-api-617-surge-control-antisurge.html
knowledge-center/kc-astm-a106-gr.html,A,rename:A|toc17|byline|related×3,kc-astm-a106-heat-treatment-requirements.html;kc-a53-vs-a106-selection-criteria.html;a53-pipe-specifications.html
knowledge-center/kc-astm-a106-heat-treatment-requirements.html,A,rename:A|toc13|byline|related-exists,
knowledge-center/kc-ball-valve-api-6d-fire-safe-design.html,A,rename:A|toc20|byline|related-exists,
knowledge-center/kc-ball-valve-seat-material-selection.html,A,rename:A|toc12|byline|related-exists,
knowledge-center/kc-ball-valve.html,A,rename:A|toc11|byline|related×3,kc-actuator-fail-safe-position-guide.html;kc-actuator.html;valve-actuator-types-guide.html
knowledge-center/kc-bms-integration-fire-alarm-hvac.html,A,rename:A|toc20|byline|related-exists,
knowledge-center/kc-bms.html,A,rename:A|toc10|byline|related×3,kc-bms-integration-fire-alarm-hvac.html;scada-rtu-system-guide.html;kc-plc.html
knowledge-center/kc-boiler-water-treatment-scale-prevention.html,A,rename:A|toc20|byline|related-exists,
knowledge-center/kc-butterfly-valve-offset.html,A,rename:A|toc11|byline|related×3,kc-butterfly-valve-torque-actuator-sizing.html;kc-gate-valve-wedge-parallel-slide.html;kc-globe-valve-type-type.html
knowledge-center/kc-butterfly-valve-torque-actuator-sizing.html,A,rename:A|toc12|byline|related-exists,
knowledge-center/kc-cable-tray-cable-duct.html,A,rename:A|toc10|byline|related×2,kc-refinery-distillation-column-tray-design.html;industrial-cable-selection-guide.html
knowledge-center/kc-cctv-camera-selection-hazardous-area.html,A,rename:A|toc17|byline|related-exists,
knowledge-center/kc-cctv.html,A,rename:A|toc9|byline|related×3,kc-cctv-camera-selection-hazardous-area.html;article-016.html;esd-emergency-shutdown.html
knowledge-center/kc-cement-industry-equipment.html,A,rename:A|toc9|byline|related×3,cement-industry-supply-guide.html;article-017.html;kc-cement-kiln-refractory-lining-guide.html
knowledge-center/kc-cement-kiln-refractory-lining-guide.html,A,rename:A|toc17|byline|related-exists,
knowledge-center/kc-cf8-cf8m-casting-defects-inspection.html,A,rename:A|toc20|byline|related-exists,
knowledge-center/kc-cf8-cf8m-cf3m.html,A,rename:A|toc11|byline|related×3,kc-cf8-cf8m-casting-defects-inspection.html;article-002.html;kc-stainless-steel-pipe-passivation-procedure.html
knowledge-center/kc-chemical-injection-pump-metering-accuracy.html,A,rename:A|toc21|byline|related-exists,
knowledge-center/kc-chemical-injection.html,A,rename:A|toc9|byline|related×3,kc-chemical-injection-pump-metering-accuracy.html;en-10204-certificate-guide.html;seat-ptfe-peek-nylon.html
knowledge-center/kc-class-900-class-2500.html,A,rename:A|toc10|byline|related×3,kc-flange-class-900-2500-bolt-torque-table.html;class-i-class-vi.html;sf6.html
knowledge-center/kc-cold-drawn-hot-rolled-dimensional-tolerance.html,A,rename:A|toc20|byline|related-exists,
knowledge-center/kc-commissioning-punch-list-management.html,A,rename:A|toc13|byline|related-exists,
knowledge-center/kc-commissioning.html,A,rename:A|toc9|byline|related×3,kc-commissioning-punch-list-management.html;epc-supply-chain-management-guide.html;nioc-npc-vendor-list-guide.html
knowledge-center/kc-compressed-air-system.html,A,rename:A|toc9|byline|related×3,article-016.html;esd-emergency-shutdown.html;fire-gas-system-fgs.html
knowledge-center/kc-compressor-selection-screw-vs-reciprocating.html,A,rename:A|toc20|byline|related-exists,
knowledge-center/kc-control-room-equipment-standards.html,A,rename:A|toc9|byline|related-exists,
knowledge-center/kc-control-valve-noise-prediction-iec-60534.html,A,rename:A|toc20|byline|related-exists,
knowledge-center/kc-control-valve-rangeability-turndown.html,A,rename:A|toc19|byline|related-exists,
knowledge-center/kc-cooling-water-legionella-control.html,A,rename:A|toc20|byline|related-exists,
knowledge-center/kc-cooling-water.html,A,rename:A|toc9|byline|related×3,kc-cooling-water-legionella-control.html;kc-steel-continuous-casting-mold-cooling.html;kc-fm200-co2-foam-water.html
knowledge-center/kc-crude-oil-products-storage-system.html,A,rename:A|toc9|byline|related-exists,
knowledge-center/kc-ct-pt-accuracy-class-burden.html,A,rename:A|toc11|byline|related-exists,
knowledge-center/kc-ct-pt.html,A,rename:A|toc10|byline|related×2,kc-ct-pt-accuracy-class-burden.html;kc-globe-valve-flow-direction-guide.html
knowledge-center/kc-customs-clearance-hs-code-tariff-guide.html,A,rename:A|toc19|byline|related-exists,
knowledge-center/kc-customs-clearance.html,A,rename:A|toc9|byline|related×2,article-010.html;kc-customs-clearance-hs-code-tariff-guide.html
knowledge-center/kc-cv-actuator.html,A,rename:A|toc11|byline|related×3,valve-actuator-types-guide.html;control-valve-cv-calculation-guide.html;control-valve-cv-kv-difference.html
knowledge-center/kc-dcs-redundancy-architecture-guide.html,A,rename:A|toc19|byline|related-exists,
knowledge-center/kc-dcs.html,A,rename:A|toc9|byline|related×3,kc-dcs-redundancy-architecture-guide.html;kc-hse-permit-to-work-system-guide.html;kc-hse.html
knowledge-center/kc-desalter-electrostatic-grid-troubleshooting.html,A,rename:A|toc20|byline|related-exists,
knowledge-center/kc-desalter.html,A,rename:A|toc9|byline|related×3,kc-crude-oil-products-storage-system.html;kc-desalter-electrostatic-grid-troubleshooting.html;article-015.html
knowledge-center/kc-earthing-grid-resistance-testing.html,A,rename:A|toc20|byline|related-exists,
knowledge-center/kc-earthing.html,A,rename:A|toc9|byline|related×3,kc-earthing-grid-resistance-testing.html;kc-a179-tube-expansion-rolling-procedure.html;ansi-ieee-c37.html
knowledge-center/kc-energy-management-oil-gas.html,A,rename:A|toc9|byline|related-exists,
knowledge-center/kc-erw-hfw-weld-seam-inspection.html,A,rename:A|toc8|byline|related-exists,
knowledge-center/kc-erw-hfw.html,A,rename:A|toc11|byline|related×3,kc-erw-hfw-weld-seam-inspection.html;asme-b16-11-socket-weld-threaded.html;asme-b16-9.html
knowledge-center/kc-esd-fire-gas-sil-rated-design.html,A,rename:A|toc9|byline|related-exists,
knowledge-center/kc-esd-fire-gas.html,A,rename:A|toc9|byline|related×3,kc-esd-fire-gas-sil-rated-design.html;kc-shell-tube.html;esd-emergency-shutdown.html
knowledge-center/kc-explosion-proof-lighting-zone-classification.html,A,rename:A|toc20|byline|related-exists,
knowledge-center/kc-fcc-catalyst-regeneration-process.html,A,rename:A|toc20|byline|related-exists,
knowledge-center/kc-fcc-unit.html,A,rename:A|toc9|byline|related×3,kc-fcc-catalyst-regeneration-process.html;kc-olefin-cracking-furnace-coil-design.html;kc-sulfur-recovery-tail-gas-treatment.html
knowledge-center/kc-fire-alarm-detection-system.html,A,rename:A|toc9|byline|related-exists,
knowledge-center/kc-fire-suppression-agent-selection-guide.html,A,rename:A|toc15|byline|related-exists,
knowledge-center/kc-flange-class-900-2500-bolt-torque-table.html,A,rename:A|toc16|byline|related-exists,
knowledge-center/kc-flare-burner-equipment.html,A,rename:A|toc9|byline|related-exists,
knowledge-center/kc-flowmeter-selection-by-fluid-application.html,A,rename:A|toc19|byline|related-exists,
knowledge-center/kc-flowmeters-10-methods.html,A,rename:A|toc10|byline|related×3,dpt.html;kc-level-measurement-6-methods.html;mfc-mass-flow-controller.html
knowledge-center/kc-fm200-co2-foam-water.html,A,rename:A|toc9|byline|related×3,kc-fire-suppression-agent-selection-guide.html;gas-analyzer-industry-guide.html;kc-cooling-water.html
knowledge-center/kc-gas-analyzer-calibration-zero-span.html,A,rename:A|toc20|byline|related-exists,
knowledge-center/kc-gas-dehydration-teg.html,A,rename:A|toc9|byline|related×3,kc-teg-dehydration-glycol-loss-control.html;gas-control-valve-sizing-guide.html;kc-lng-boil-off-gas-management.html
knowledge-center/kc-gas-sweetening-amine.html,A,rename:A|toc11|byline|related×3,gas-control-valve-sizing-guide.html;kc-lng-boil-off-gas-management.html;kc-sulfur-recovery-tail-gas-treatment.html
knowledge-center/kc-gasket-selection-by-fluid-temperature.html,A,rename:A|toc13|byline|related-exists,
knowledge-center/kc-gate-valve-api-600-flexible-wedge-design.html,A,rename:A|toc18|byline|related-exists,
knowledge-center/kc-gate-valve-wedge-parallel-slide.html,A,rename:A|toc11|byline|related×3,knife-gate-valve.html;kc-gate-valve-api-600-flexible-wedge-design.html;kc-gate-valve-wedge-sticking-troubleshooting.html
knowledge-center/kc-gate-valve-wedge-sticking-troubleshooting.html,A,rename:A|toc12|byline|related-exists,
knowledge-center/kc-gauge-absolute-differential.html,A,rename:A|toc10|byline|related×3,kc-pressure-gauge.html;asme-b16-5.html;cerabar.html
knowledge-center/kc-gc-ph-o2-h2s.html,A,rename:A|toc10|byline|related×3,gas-analyzer-industry-guide.html;hplc-gc.html;ph.html
knowledge-center/kc-globe-valve-flow-direction-guide.html,A,rename:A|toc12|byline|related-exists,
knowledge-center/kc-globe-valve-type-type.html,A,rename:A|toc11|byline|related×3,globe-valve-complete-guide.html;kc-globe-valve-flow-direction-guide.html;kc-butterfly-valve-offset.html
knowledge-center/kc-heat-exchanger-tema-class-selection.html,A,rename:A|toc20|byline|related-exists,
knowledge-center/kc-heat-tracing-power-calculation-guide.html,A,rename:A|toc16|byline|related-exists,
knowledge-center/kc-heat-tracing.html,A,rename:A|toc11|byline|related×3,kc-heat-tracing-power-calculation-guide.html;kc-mv-switchgear-arc-flash-study.html;article-016.html
knowledge-center/kc-hse-permit-to-work-system-guide.html,A,rename:A|toc21|byline|related-exists,
knowledge-center/kc-hse.html,A,rename:A|toc9|byline|related×3,kc-hse-permit-to-work-system-guide.html;kc-dcs.html;kc-esd-fire-gas-sil-rated-design.html
knowledge-center/kc-hvac-pressurization-control-room.html,A,rename:A|toc18|byline|related-exists,
knowledge-center/kc-hvac.html,A,rename:A|toc9|byline|related×3,kc-bms-integration-fire-alarm-hvac.html;article-016.html;esd-emergency-shutdown.html
knowledge-center/kc-hydraulic-control-valves.html,A,rename:A|toc11|byline|related-exists,
knowledge-center/kc-hydrotest-pressure-holding-time-calculation.html,A,rename:A|toc19|byline|related-exists,
knowledge-center/kc-incoterms-2024.html,A,rename:A|toc9|byline|related×1,incoterms-industrial-trade-guide.html
knowledge-center/kc-incoterms-fob-cif-risk-transfer-comparison.html,A,rename:A|toc18|byline|related-exists,
knowledge-center/kc-industrial-equipment-export.html,A,rename:A|toc9|byline|related-exists,
knowledge-center/kc-industrial-laboratory-equipment.html,A,rename:A|toc9|byline|related-exists,
knowledge-center/kc-industrial-material-handling-transport.html,A,rename:A|toc9|byline|related×3,en-10204-certificate-guide.html;kc-chemical-injection-pump-metering-accuracy.html;seat-ptfe-peek-nylon.html
knowledge-center/kc-industrial-power-cable-sizing.html,A,rename:A|toc10|byline|related×3,control-valve-cv-calculation-guide.html;kc-instrumentation-control-cables.html;article-008.html
knowledge-center/kc-instrumentation-communication-protocols.html,A,rename:A|toc10|byline|related-exists,
knowledge-center/kc-instrumentation-control-cables.html,A,rename:A|toc10|byline|related×3,kc-industrial-power-cable-sizing.html;hart-protocol-complete-guide.html;sil-iec-61508-iec-61511.html
knowledge-center/kc-international-lc-payment-terms-guide.html,A,rename:A|toc19|byline|related-exists,
knowledge-center/kc-international-marketing-oil-gas.html,A,rename:A|toc9|byline|related-exists,
knowledge-center/kc-international-supply-contracts.html,A,rename:A|toc9|byline|related×3,international-supply-contract-guide.html;kc-international-lc-payment-terms-guide.html;incoterms-industrial-trade-guide.html
knowledge-center/kc-intrusion-detection-access-control.html,A,rename:A|toc9|byline|related×3,kc-bms-integration-fire-alarm-hvac.html;kc-fire-alarm-detection-system.html;kc-cooling-water-legionella-control.html
knowledge-center/kc-lap-joint-stub-end-rotation-installation.html,A,rename:A|toc21|byline|related-exists,
knowledge-center/kc-led.html,A,rename:A|toc10|byline|related×3,kc-explosion-proof-lighting-zone-classification.html;article-016.html;esd-emergency-shutdown.html
knowledge-center/kc-level-measurement-6-methods.html,A,rename:A|toc9|byline|related×3,kc-flowmeters-10-methods.html;level-measurement-guide.html;oil-gas-industry-supply-guide.html
knowledge-center/kc-lightning-arrester-coordination-study.html,A,rename:A|toc18|byline|related-exists,
knowledge-center/kc-lightning-protection-arrester.html,A,rename:A|toc9|byline|related×3,phase-control-relay.html;kc-lightning-arrester-coordination-study.html;surge-arrester.html
knowledge-center/kc-lng-boil-off-gas-management.html,A,rename:A|toc19|byline|related-exists,
knowledge-center/kc-load-cell-calibration-procedure.html,A,rename:A|toc11|byline|related-exists,
knowledge-center/kc-load-cell.html,A,rename:A|toc10|byline|related×3,kc-load-cell-calibration-procedure.html;article-016.html;esd-emergency-shutdown.html
knowledge-center/kc-lubrication-oil-analysis-condition-monitoring.html,A,rename:A|toc19|byline|related-exists,
knowledge-center/kc-lubrication-system.html,A,rename:A|toc9|byline|related×3,article-016.html;esd-emergency-shutdown.html;fire-gas-system-fgs.html
knowledge-center/kc-mv-switchgear-arc-flash-study.html,A,rename:A|toc18|byline|related-exists,
knowledge-center/kc-mv-switchgear.html,A,rename:A|toc10|byline|related×3,kc-mv-switchgear-arc-flash-study.html;mv-iec-62271.html;kc-plc.html
knowledge-center/kc-ndt-method-selection-by-defect-type.html,A,rename:A|toc20|byline|related-exists,
knowledge-center/kc-ndt.html,A,rename:A|toc9|byline|related×3,ndt-inspection-industrial-guide.html;kc-ndt-method-selection-by-defect-type.html;astm-jis.html
knowledge-center/kc-ngl-lpg-lng.html,A,rename:A|toc9|byline|related×3,kc-ngl-recovery.html;kc-lng-boil-off-gas-management.html;cryogenic-valve-lng.html
knowledge-center/kc-ngl-recovery-turboexpander-process.html,A,rename:A|toc18|byline|related-exists,
knowledge-center/kc-ngl-recovery.html,A,rename:A|toc9|byline|related×3,kc-ngl-lpg-lng.html;kc-ngl-recovery-turboexpander-process.html;kc-sulfur-recovery-unit-sru.html
knowledge-center/kc-nitrogen-air-natural-gas.html,A,rename:A|toc9|byline|related×3,kc-nitrogen-purging-procedure-safety.html;kc-air-cooled-fin-fan-selection-guide.html;kc-air-cooled.html
knowledge-center/kc-nitrogen-purging-procedure-safety.html,A,rename:A|toc18|byline|related-exists,
knowledge-center/kc-nps-dn-schedule-od-wt.html,A,rename:A|toc11|byline|related×3,schedule-sch-40-80-160.html;asme-b36-10-pipe-dimensions.html;asme-b36-19.html
knowledge-center/kc-offshore-subsea-pipeline-cathodic-protection.html,A,rename:A|toc19|byline|related-exists,
knowledge-center/kc-offshore.html,A,rename:A|toc9|byline|related×3,oil-gas-industry-supply-guide.html;kc-energy-management-oil-gas.html;kc-international-marketing-oil-gas.html
knowledge-center/kc-oil-gas-export-terminal-equipment.html,A,rename:A|toc9|byline|related-exists,
knowledge-center/kc-oil-gas-pipeline-equipment.html,A,rename:A|toc11|byline|related×3,kc-ngl-recovery.html;article-014.html;api-6d-ball-valve-standard.html
knowledge-center/kc-oil-refinery-equipment.html,A,rename:A|toc9|byline|related×3,kc-refinery-distillation-column-tray-design.html;kc-sulfur-recovery-tail-gas-treatment.html;kc-sulfur-recovery.html
knowledge-center/kc-olefin-cracking-furnace-coil-design.html,A,rename:A|toc21|byline|related-exists,
knowledge-center/kc-orifice-plate-beta-ratio-sizing.html,A,rename:A|toc19|byline|related-exists,
knowledge-center/kc-petrochemical-complex-equipment.html,A,rename:A|toc9|byline|related×3,kc-ngl-recovery-turboexpander-process.html;kc-olefin-cracking-furnace-coil-design.html;article-011.html
knowledge-center/kc-pipe-support-steel-structure.html,A,rename:A|toc11|byline|related×3,article-014.html;asme-b31-3-process-piping-guide.html;kc-oil-gas-pipeline-equipment.html
knowledge-center/kc-pipe-thermal-insulation.html,A,rename:A|toc11|byline|related×3,kc-a335-pwht-post-weld-heat-treatment.html;astm-a179.html;kc-astm-a106-heat-treatment-requirements.html
knowledge-center/kc-pipe-wall-thickness-corrosion-allowance.html,A,rename:A|toc19|byline|related-exists,
knowledge-center/kc-pipeline-coating-holiday-detection.html,A,rename:A|toc19|byline|related-exists,
knowledge-center/kc-pipeline-corrosion-prevention.html,A,rename:A|toc11|byline|related×3,kc-boiler-water-treatment-scale-prevention.html;kc-erw-hfw-weld-seam-inspection.html;kc-steam-turbine-blade-erosion-prevention.html
knowledge-center/kc-pipeline-pigging-cleaning-operations.html,A,rename:A|toc19|byline|related-exists,
knowledge-center/kc-pipeline-welding-npi-qualification.html,A,rename:A|toc19|byline|related-exists,
knowledge-center/kc-pipeline-welding-standards.html,A,rename:A|toc11|byline|related×3,kc-pipeline-welding-npi-qualification.html;kc-a335-p11-p22-p91-welding-procedure.html;kc-stainless-steel-pipe-passivation-procedure.html
knowledge-center/kc-plc-programming-languages-guide.html,A,rename:A|toc11|byline|related-exists,
knowledge-center/kc-plc.html,A,rename:A|toc10|byline|related×3,kc-mv-switchgear-arc-flash-study.html;kc-plc-programming-languages-guide.html;kc-bms.html
knowledge-center/kc-pm-predictive-vs-preventive-strategy.html,A,rename:A|toc21|byline|related-exists,
knowledge-center/kc-pm.html,A,rename:A|toc9|byline|related×3,kc-pm-predictive-vs-preventive-strategy.html;kc-reciprocating-pump-packing-seal-guide.html;kc-ups.html
knowledge-center/kc-pneumatic-electropneumatic-control-valves.html,A,rename:A|toc11|byline|related-exists,
knowledge-center/kc-ppe-selection-by-hazard-category.html,A,rename:A|toc21|byline|related-exists,
knowledge-center/kc-ppe.html,A,rename:A|toc9|byline|related×3,kc-ppe-selection-by-hazard-category.html;article-059.html;kc-offshore-subsea-pipeline-cathodic-protection.html
knowledge-center/kc-pressure-gauge-glycerin-fill-guide.html,A,rename:A|toc12|byline|related-exists,
knowledge-center/kc-pressure-gauge.html,A,rename:A|toc10|byline|related×3,kc-gauge-absolute-differential.html;kc-psv-set-pressure-blowdown-adjustment.html;pressure-gauge-complete-guide.html
knowledge-center/kc-pressure-transmitter-range-selection.html,A,rename:A|toc12|byline|related-exists,
knowledge-center/kc-project-management-equipment-supply.html,A,rename:A|toc9|byline|related×3,kc-a106-api-5l-standard-selection-by-project.html;kc-commissioning-punch-list-management.html;kc-lng-boil-off-gas-management.html
knowledge-center/kc-protective-relay-coordination-curve.html,A,rename:A|toc18|byline|related-exists,
knowledge-center/kc-psv-set-pressure-blowdown-adjustment.html,A,rename:A|toc19|byline|related-exists,
knowledge-center/kc-psv.html,A,rename:A|toc11|byline|related×3,psv-prv-api-520-api-526.html;safety-relief-valve-guide.html;kc-psv-set-pressure-blowdown-adjustment.html
knowledge-center/kc-purchase-order-management.html,A,rename:A|toc9|byline|related×3,kc-lng-boil-off-gas-management.html;kc-commissioning-punch-list-management.html;epc-supply-chain-management-guide.html
knowledge-center/kc-purchase-order-terms-conditions-guide.html,A,rename:A|toc11|byline|related-exists,
knowledge-center/kc-radar-level-transmitter-tank-installation.html,A,rename:A|toc21|byline|related-exists,
knowledge-center/kc-reciprocating-pump-packing-seal-guide.html,A,rename:A|toc13|byline|related-exists,
knowledge-center/kc-reciprocating-pump.html,A,rename:A|toc10|byline|related×3,kc-api-618.html;kc-api-610-pump-curve-reading-guide.html;kc-compressor-selection-screw-vs-reciprocating.html
knowledge-center/kc-refinery-distillation-column-tray-design.html,A,rename:A|toc19|byline|related-exists,
knowledge-center/kc-rtd-thermocouple-thermistor.html,A,rename:A|toc10|byline|related×3,rtd-vs-thermocouple-comparison.html;article-007.html;flange-material-selection-guide.html
knowledge-center/kc-sawh-vs-lsaw-comparison.html,A,rename:A|toc11|byline|related-exists,
knowledge-center/kc-sawh.html,A,rename:A|toc11|byline|related×3,kc-sawh-vs-lsaw-comparison.html;kc-a335-p11-p22-p91-welding-procedure.html;kc-a335-pwht-post-weld-heat-treatment.html
knowledge-center/kc-shell-tube-heat-exchanger-tema-guide.html,A,rename:A|toc9|byline|related-exists,
knowledge-center/kc-shell-tube.html,A,rename:A|toc10|byline|related×3,kc-shell-tube-heat-exchanger-tema-guide.html;kc-air-cooled.html;kc-esd-fire-gas.html
knowledge-center/kc-slurry-valve-abrasion-wear-life-estimation.html,A,rename:A|toc20|byline|related-exists,
knowledge-center/kc-slurry-valves.html,A,rename:A|toc11|byline|related×3,kc-slurry-valve-abrasion-wear-life-estimation.html;kc-valve-selection-by-fluid-type.html;api-6d-ball-valve-standard.html
knowledge-center/kc-spare-parts-warehousing-inventory.html,A,rename:A|toc9|byline|related-exists,
knowledge-center/kc-spiral-wound-kammprofile.html,A,rename:A|toc9|byline|related×2,gasket-types-guide.html;kc-gasket-selection-by-fluid-temperature.html
knowledge-center/kc-sru-claus-process-efficiency.html,A,rename:A|toc19|byline|related-exists,
knowledge-center/kc-stainless-steel-pipe-passivation-procedure.html,A,rename:A|toc19|byline|related-exists,
knowledge-center/kc-steam-boiler-system.html,A,rename:A|toc9|byline|related×3,kc-boiler-water-treatment-scale-prevention.html;kc-thermal-powerplant-equipment.html;article-016.html
knowledge-center/kc-steam-turbine-blade-erosion-prevention.html,A,rename:A|toc21|byline|related-exists,
knowledge-center/kc-steel-beam-rebar-specifications.html,A,rename:A|toc9|byline|related-exists,
knowledge-center/kc-steel-continuous-casting-mold-cooling.html,A,rename:A|toc19|byline|related-exists,
knowledge-center/kc-steel-industry-equipment.html,A,rename:A|toc9|byline|related×3,article-017.html;erw.html;kc-cold-drawn-hot-rolled-dimensional-tolerance.html
knowledge-center/kc-steel-plate-specifications.html,A,rename:A|toc9|byline|related-exists,
knowledge-center/kc-sulfur-recovery-tail-gas-treatment.html,A,rename:A|toc20|byline|related-exists,
knowledge-center/kc-sulfur-recovery-unit-sru.html,A,rename:A|toc9|byline|related×3,kc-sulfur-recovery.html;kc-sru-claus-process-efficiency.html;kc-sulfur-recovery-tail-gas-treatment.html
knowledge-center/kc-sulfur-recovery.html,A,rename:A|toc9|byline|related×3,kc-sulfur-recovery-unit-sru.html;kc-sulfur-recovery-tail-gas-treatment.html;kc-oil-refinery-equipment.html
knowledge-center/kc-supplier-qualification-assessment.html,A,rename:A|toc9|byline|related-exists,
knowledge-center/kc-surge-arrester-emergency-shutdown-valves.html,A,rename:A|toc11|byline|related-exists,
knowledge-center/kc-technical-certifications-supplier-qualification.html,A,rename:A|toc9|byline|related-exists,
knowledge-center/kc-technical-personnel-training.html,A,rename:A|toc9|byline|related-exists,
knowledge-center/kc-teg-dehydration-glycol-loss-control.html,A,rename:A|toc21|byline|related-exists,
knowledge-center/kc-thermal-powerplant-equipment.html,A,rename:A|toc10|byline|related×3,article-013.html;kc-steam-turbine-blade-erosion-prevention.html;kc-boiler-water-treatment-scale-prevention.html
knowledge-center/kc-thermocouple-cold-junction-compensation.html,A,rename:A|toc19|byline|related-exists,
knowledge-center/kc-ups-battery-sizing-autonomy-calculation.html,A,rename:A|toc18|byline|related-exists,
knowledge-center/kc-ups.html,A,rename:A|toc10|byline|related×3,kc-ups-battery-sizing-autonomy-calculation.html;kc-pm-predictive-vs-preventive-strategy.html;kc-reciprocating-pump-packing-seal-guide.html
knowledge-center/kc-valve-leak-test-acceptance-criteria.html,A,rename:A|toc17|byline|related-exists,
knowledge-center/kc-valve-selection-by-fluid-type.html,A,rename:A|toc11|byline|related-exists,
knowledge-center/kc-vfd-harmonic-distortion-mitigation.html,A,rename:A|toc18|byline|related-exists,
knowledge-center/kc-vfd.html,A,rename:A|toc10|byline|related×3,kc-vfd-harmonic-distortion-mitigation.html;vfd-variable-frequency-drive-guide.html;kc-desalter-electrostatic-grid-troubleshooting.html
knowledge-center/kc-washer-material-torque-relaxation.html,A,rename:A|toc18|byline|related-exists,
knowledge-center/kc-washer.html,A,rename:A|toc10|byline|related×3,kc-washer-material-torque-relaxation.html;asme-b16-11-socket-weld-threaded.html;asme-b16-9.html
knowledge-center/kc-wastewater-sludge-treatment-methods.html,A,rename:A|toc21|byline|related-exists,
knowledge-center/kc-water-wastewater-treatment.html,A,rename:A|toc9|byline|related×3,kc-wastewater-sludge-treatment-methods.html;kc-cooling-water-legionella-control.html;kc-cooling-water.html
knowledge-center/kc-welded-fittings-elbow-tee-reducer.html,A,rename:A|toc10|byline|related×3,pipe-fittings-guide.html;control-valve-cv-kv-difference.html;asme-b16-11-socket-weld-threaded.html
knowledge-center/knife-gate-valve.html,GOOD,toc9|byline|related-exists,
knowledge-center/level-measurement-guide.html,GOOD,toc8|byline|related-exists,
knowledge-center/lv-iec-61439.html,GOOD,toc8|byline|related-exists,
knowledge-center/magmeter.html,GOOD,toc9|byline|related-exists,
knowledge-center/mcc-panel-guide.html,GOOD,toc9|byline|related-exists,
knowledge-center/mccb-circuit-breaker-guide.html,GOOD,toc9|byline|related-exists,
knowledge-center/mfc-mass-flow-controller.html,GOOD,toc9|byline|related-exists,
knowledge-center/mv-iec-62271.html,GOOD,toc9|byline|related-exists,
knowledge-center/nace-mr0175-sour-service-guide.html,ODD,rename:ODD|toc8|byline|related×3,kc-api-5l-psl2-sour-service-nace-requirements.html;sour-service-equipment-guide.html;article-021.html
knowledge-center/nde-inspection-pipe-flange.html,B,shortest×1|rename:B|toc15|byline|related-exists,
knowledge-center/ndt-inspection-industrial-guide.html,GOOD,toc9|byline|related-exists,
knowledge-center/nioc-npc-vendor-list-guide.html,B,rename:B|toc8|byline|related-exists,
knowledge-center/nozzle-check-valve.html,GOOD,toc9|byline|related-exists,
knowledge-center/o2-co2-h2s.html,GOOD,toc9|byline|related-exists,
knowledge-center/oil-gas-industry-supply-guide.html,GOOD,toc9|byline|related-exists,
knowledge-center/petrochemical-industry-supply-guide.html,B,shortest×1|rename:B|toc8|byline|related-exists,
knowledge-center/ph.html,GOOD,toc9|byline|related-exists,
knowledge-center/phase-control-relay.html,GOOD,toc8|byline|related-exists,
knowledge-center/pilot-operated-valve.html,GOOD,toc9|byline|related-exists,
knowledge-center/pinch-valve-guide.html,B,shortest×1|rename:B|toc8|byline|related-exists,
knowledge-center/pipe-fittings-guide.html,GOOD,toc12|byline|related-exists,
knowledge-center/plc-types-industrial-guide.html,B,shortest×1|rename:B|toc8|byline|related×3,electrical-brands-comparison.html;kc-plc-programming-languages-guide.html;kc-plc.html
knowledge-center/plug-valve-guide.html,B,shortest×1|rename:B|toc8|byline|related-exists,
knowledge-center/plug-valve-lubricated-non-lubricated.html,GOOD,toc10|byline|related-exists,
knowledge-center/pmi-positive-material-identification.html,GOOD,toc8|byline|related-exists,
knowledge-center/pmi-testing-guide.html,B,shortest×1|rename:B|toc8|byline|related×3,pmi-positive-material-identification.html;kc-cf8-cf8m-casting-defects-inspection.html;kc-erw-hfw-weld-seam-inspection.html
knowledge-center/power-distribution-transformer-guide.html,B,shortest×1|rename:B|toc8|byline|related×3,distribution-transformer.html;article-008.html;sf6.html
knowledge-center/power-plant-industry-supply-guide.html,B,shortest×1|rename:B|toc8|byline|related-exists,
knowledge-center/pressure-gauge-asme-b40-100.html,GOOD,toc9|byline|related-exists,
knowledge-center/pressure-gauge-complete-guide.html,B,shortest×1|rename:B|toc8|byline|related×3,kc-pressure-gauge.html;kc-pressure-gauge-glycerin-fill-guide.html;pressure-gauge-asme-b40-100.html
knowledge-center/pressure-transmitter-calibration-guide.html,B,shortest×1|rename:B|toc8|byline|related×3,article-007.html;kc-pressure-gauge.html;kc-gas-analyzer-calibration-zero-span.html
knowledge-center/protective-relay-guide.html,B,shortest×1|rename:B|toc8|byline|related×3,kc-ansi-50-51-87-21.html;kc-protective-relay-coordination-curve.html;ansi-ieee-c37.html
knowledge-center/psv-prv-api-520-api-526.html,GOOD,toc9|byline|related-exists,
knowledge-center/quality-assurance-supply-guide.html,B,shortest×1|rename:B|toc8|byline|related-exists,
knowledge-center/radar-level-transmitter-guide.html,B,shortest×1|rename:B|toc8|byline|related×3,ghz-80.html;kc-radar-level-transmitter-tank-installation.html;article-006.html
knowledge-center/rosemount-pressure-transmitter-family.html,A,rename:A|toc11|byline|related×3,cerabar.html;differential-pressure-transmitter-guide.html;kc-pressure-transmitter-range-selection.html
knowledge-center/rosemount-vs-yokogawa-comparison.html,B,shortest×1|rename:B|toc8|byline|related×3,yokogawa-eja.html;article-052.html;article-006.html
knowledge-center/rtd-vs-thermocouple-comparison.html,B,shortest×1|rename:B|toc8|byline|related×3,kc-rtd-thermocouple-thermistor.html;article-007.html;flange-material-selection-guide.html
knowledge-center/safety-relief-valve-guide.html,B,shortest×1|rename:B|toc8|byline|related×3,psv-prv-api-520-api-526.html;kc-psv.html;kc-psv-set-pressure-blowdown-adjustment.html
knowledge-center/scada-rtu-system-guide.html,B,shortest×1|rename:B|toc8|byline|related×3,kc-bms.html;kc-plc.html;article-016.html
knowledge-center/schedule-sch-40-80-160.html,GOOD,toc9|byline|related-exists,
knowledge-center/seamless-pipe-complete-guide.html,GOOD,toc10|byline|related-exists,
knowledge-center/seamless-vs-erw-pipe-difference.html,GOOD,toc11|byline|related-exists,
knowledge-center/seat-ptfe-peek-nylon.html,GOOD,toc9|byline|related-exists,
knowledge-center/sf6.html,GOOD,toc9|byline|related-exists,
knowledge-center/shell-seat-closure.html,GOOD,toc9|byline|related-exists,
knowledge-center/shutdown-turnaround-industrial-guide.html,B,shortest×1|rename:B|toc8|byline|related×3,kc-pm.html;kc-pm-predictive-vs-preventive-strategy.html;kc-ups.html
knowledge-center/sil-certification-instrument-guide.html,B,shortest×1|rename:B|toc8|byline|related×3,sil-iec-61508-iec-61511.html;en-10204-certificate-guide.html;kc-a106-mill-test-certificate-verification.html
knowledge-center/sil-iec-61508-iec-61511.html,GOOD,toc8|byline|related-exists,
knowledge-center/socket-weld-threaded.html,GOOD,toc11|byline|related-exists,
knowledge-center/soft-starter-guide.html,B,shortest×1|rename:B|toc8|byline|related×3,article-059.html;control-valve-actuator-selection-guide.html;control-valve-cavitation-guide.html
knowledge-center/sour-service-equipment-guide.html,B,shortest×1|rename:B|toc8|byline|related-exists,
knowledge-center/ss304-ss316.html,GOOD,toc12|byline|related-exists,
knowledge-center/stainless-steel-pipe-guide.html,B,shortest×1|rename:B|toc15|byline|related×3,stainless-steel.html;article-002.html;kc-stainless-steel-pipe-passivation-procedure.html
knowledge-center/stainless-steel.html,GOOD,toc9|byline|related-exists,
knowledge-center/steam-control-valve-sizing-guide.html,GOOD,toc11|byline|related-exists,
knowledge-center/steam-system-equipment-guide.html,B,shortest×1|rename:B|toc8|byline|related×3,article-016.html;kc-steam-boiler-system.html;article-021.html
knowledge-center/steel-industry-supply-guide.html,B,shortest×1|rename:B|toc8|byline|related-exists,
knowledge-center/surge-arrester.html,GOOD,toc9|byline|related-exists,
knowledge-center/temperature-transmitter-guide.html,GOOD,toc8|byline|related-exists,
knowledge-center/thermal-mass-flowmeter.html,GOOD,toc8|byline|related-exists,
knowledge-center/thermowell-guide.html,B,shortest×1|rename:B|toc8|byline|related×3,hart-protocol-complete-guide.html;sil-iec-61508-iec-61511.html;diaphragm-seal-guide.html
knowledge-center/tilting-disc-check-valve.html,GOOD,toc9|byline|related-exists,
knowledge-center/transit-time-doppler.html,GOOD,toc9|byline|related-exists,
knowledge-center/turbidity-meter.html,GOOD,toc8|byline|related-exists,
knowledge-center/valve-actuator-types-guide.html,B,shortest×1|rename:B|toc8|byline|related×3,kc-actuator.html;kc-cv-actuator.html;kc-actuator-fail-safe-position-guide.html
knowledge-center/valve-body-material-selection.html,B,shortest×1|rename:B|toc8|byline|related-exists,
knowledge-center/valve-brands-comparison-guide.html,B,shortest×1|rename:B|toc8|byline|related-exists,
knowledge-center/valve-sealing-guide.html,B,shortest×1|rename:B|toc8|byline|related-exists,
knowledge-center/valve-seat-material-guide.html,B,shortest×1|rename:B|toc8|byline|related×3,seat-ptfe-peek-nylon.html;kc-ball-valve-seat-material-selection.html;valve-testing-guide.html
knowledge-center/valve-testing-guide.html,B,shortest×1|rename:B|toc8|byline|related-exists,
knowledge-center/vcb.html,GOOD,toc9|byline|related-exists,
knowledge-center/vendor-qualification.html,GOOD,toc9|byline|related-exists,
knowledge-center/vfd-variable-frequency-drive-guide.html,B,shortest×1|rename:B|toc8|byline|related×2,kc-vfd-harmonic-distortion-mitigation.html;kc-vfd.html
knowledge-center/vortex-flowmeter.html,GOOD,toc8|byline|related-exists,
knowledge-center/wn-vs-so-flange-comparison.html,GOOD,toc11|byline|related-exists,
knowledge-center/yokogawa-eja.html,GOOD,toc8|byline|related-exists,
