file,ops
knowledge-center/a53-pipe-specifications.html,rel-id
knowledge-center/api-602-small-gate-valve.html,lead-moved
knowledge-center/asme-b31-3-process-piping-guide.html,lead-moved
knowledge-center/astm-a105-vs-a234.html,lead-moved|rel-id
knowledge-center/astm-piping-standards-guide.html,lead-moved
knowledge-center/atex-iecex-hazardous-area-guide.html,lead-moved
knowledge-center/cement-industry-supply-guide.html,lead-moved|rel-id
knowledge-center/contactor-bimetal-guide.html,lead-moved|rel-id
knowledge-center/control-valve-complete-guide.html,lead-moved
knowledge-center/corrosion-resistant-equipment-guide.html,lead-moved|rel-id
knowledge-center/diaphragm-seal-guide.html,lead-moved
knowledge-center/electrical-brands-comparison.html,lead-moved|rel-id
knowledge-center/epc-supply-chain-management-guide.html,lead-moved|rel-id
knowledge-center/flange-bolting-guide.html,lead-moved
knowledge-center/gas-analyzer-industry-guide.html,lead-moved
knowledge-center/hart-calibration-training.html,lead-moved
knowledge-center/high-pressure-equipment-guide.html,lead-moved|rel-id
knowledge-center/hydrostatic-level-transmitter.html,lead-moved
knowledge-center/hydrostatic-test-pipe-guide.html,lead-moved
knowledge-center/incoterms-industrial-trade-guide.html,lead-moved|rel-id
knowledge-center/industrial-cable-selection-guide.html,lead-moved
knowledge-center/instrument-calibration-standards.html,lead-moved
knowledge-center/international-supply-contract-guide.html,lead-moved|rel-id
knowledge-center/ip-rating-industrial-equipment-guide.html,lead-moved
knowledge-center/kc-a179-tube-expansion-rolling-procedure.html,rel-id
knowledge-center/kc-a53-vs-a106-selection-criteria.html,rel-id
knowledge-center/kc-ball-valve-api-6d-fire-safe-design.html,rel-id
knowledge-center/kc-cold-drawn-hot-rolled-dimensional-tolerance.html,rel-id
knowledge-center/kc-control-room-equipment-standards.html,rel-id
knowledge-center/kc-crude-oil-products-storage-system.html,rel-id
knowledge-center/kc-energy-management-oil-gas.html,rel-id
knowledge-center/kc-fire-alarm-detection-system.html,rel-id
knowledge-center/kc-flare-burner-equipment.html,rel-id
knowledge-center/kc-gate-valve-api-600-flexible-wedge-design.html,rel-id
knowledge-center/kc-hydraulic-control-valves.html,rel-id
knowledge-center/kc-hydrotest-pressure-holding-time-calculation.html,rel-id
knowledge-center/kc-industrial-equipment-export.html,rel-id
knowledge-center/kc-industrial-laboratory-equipment.html,rel-id
knowledge-center/kc-instrumentation-communication-protocols.html,rel-id
knowledge-center/kc-international-marketing-oil-gas.html,rel-id
knowledge-center/kc-oil-gas-export-terminal-equipment.html,rel-id
knowledge-center/kc-pneumatic-electropneumatic-control-valves.html,rel-id
knowledge-center/kc-spare-parts-warehousing-inventory.html,rel-id
knowledge-center/kc-stainless-steel-pipe-passivation-procedure.html,rel-id
knowledge-center/kc-steel-beam-rebar-specifications.html,rel-id
knowledge-center/kc-steel-plate-specifications.html,rel-id
knowledge-center/kc-supplier-qualification-assessment.html,rel-id
knowledge-center/kc-surge-arrester-emergency-shutdown-valves.html,rel-id
knowledge-center/kc-technical-certifications-supplier-qualification.html,rel-id
knowledge-center/kc-technical-personnel-training.html,rel-id
knowledge-center/kc-valve-selection-by-fluid-type.html,rel-id
knowledge-center/nde-inspection-pipe-flange.html,lead-moved|rel-id
knowledge-center/nioc-npc-vendor-list-guide.html,rel-id
knowledge-center/petrochemical-industry-supply-guide.html,lead-moved|rel-id
knowledge-center/pinch-valve-guide.html,lead-moved|rel-id
knowledge-center/plc-types-industrial-guide.html,lead-moved
knowledge-center/plug-valve-guide.html,lead-moved|rel-id
knowledge-center/pmi-testing-guide.html,lead-moved
knowledge-center/power-distribution-transformer-guide.html,lead-moved
knowledge-center/power-plant-industry-supply-guide.html,lead-moved|rel-id
knowledge-center/pressure-gauge-complete-guide.html,lead-moved
knowledge-center/pressure-transmitter-calibration-guide.html,lead-moved
knowledge-center/protective-relay-guide.html,lead-moved
knowledge-center/quality-assurance-supply-guide.html,lead-moved|rel-id
knowledge-center/radar-level-transmitter-guide.html,lead-moved
knowledge-center/rosemount-vs-yokogawa-comparison.html,lead-moved
knowledge-center/rtd-vs-thermocouple-comparison.html,lead-moved
knowledge-center/safety-relief-valve-guide.html,lead-moved
knowledge-center/scada-rtu-system-guide.html,lead-moved
knowledge-center/shutdown-turnaround-industrial-guide.html,lead-moved
knowledge-center/sil-certification-instrument-guide.html,lead-moved
knowledge-center/soft-starter-guide.html,lead-moved
knowledge-center/sour-service-equipment-guide.html,lead-moved|rel-id
knowledge-center/stainless-steel-pipe-guide.html,lead-moved
knowledge-center/steam-system-equipment-guide.html,lead-moved
knowledge-center/steel-industry-supply-guide.html,lead-moved|rel-id
knowledge-center/thermowell-guide.html,lead-moved
knowledge-center/valve-actuator-types-guide.html,lead-moved
knowledge-center/valve-body-material-selection.html,lead-moved|rel-id
knowledge-center/valve-brands-comparison-guide.html,lead-moved|rel-id
knowledge-center/valve-sealing-guide.html,lead-moved|rel-id
knowledge-center/valve-seat-material-guide.html,lead-moved
knowledge-center/valve-testing-guide.html,lead-moved|rel-id
knowledge-center/vfd-variable-frequency-drive-guide.html,lead-moved
