فایل,عنوان,طول_متن_یکتا,اولویت,وضعیت
transit-time-doppler.html,فلومتر اولتراسونیک | پیشرو تجهیز فرتاک,63,اولویت 1,
article-005.html,فلومتر کوریولیس | پیشرو تجهیز فرتاک,67,اولویت 1,
pilot-operated-valve.html,شیر پایلوت (Pilot Operated Valve) | پیشرو تجهیز فرتاک,71,اولویت 1,بازنویسی‌شده در batch ۲ (۲۰۲۶-۰۸-۳۱)؛ متنِ یکتای فعلی: 4375
3-way-valve-l-port-t-port.html,شیر سه راهه (3-Way Valve) | پیشرو تجهیز فرتاک,72,اولویت 1,بازنویسی‌شده در batch ۲ (۲۰۲۶-۰۸-۳۱)؛ متنِ یکتای فعلی: 3847
socket-weld-threaded.html,مقایسه فلنج Socket Weld و Threaded | پیشرو تجهیز فرتاک,73,اولویت 1,
article-013.html,تامین تجهیزات نیروگاه سیکل ترکیبی | پیشرو تجهیز فرتاک,74,اولویت 1,
article-006.html,ترانسمیتر سطح هیدرواستاتیک | پیشرو تجهیز فرتاک,75,اولویت 1,
article-021.html,انتخاب شیر برای سرویس بخار | پیشرو تجهیز فرتاک,75,اولویت 1,
cerabar.html,ترانسمیتر فشار اندرس هاسر Cerabar | پیشرو تجهیز فرتاک,76,اولویت 1,
angle-valve.html,راهنمای شیر زاویه‌ای (Angle Valve) | پیشرو تجهیز فرتاک,77,اولویت 1,
article-017.html,تامین تجهیزات صنعت سیمان | پیشرو تجهیز فرتاک,78,اولویت 1,
gearbox-handwheel-worm-gear.html,راهنمای Gearbox شیرآلات | پیشرو تجهیز فرتاک,78,اولویت 1,
sf6.html,کلید قدرت SF6 و تجهیزات فشار قوی | پیشرو تجهیز فرتاک,78,اولویت 1,
high-temperature.html,انتخاب شیر برای دمای بالا (High Temperature) | پیشرو تجهیز فرتاک,79,اولویت 1,
thermal-mass-flowmeter.html,فلومتر حرارتی (Thermal Mass Flowmeter) | پیشرو تجهیز فرتاک,79,اولویت 1,
astm-a105.html,ASTM A105 متریال فلنج و اتصالات فورج | پیشرو تجهیز فرتاک,81,اولویت 1,بازنویسی‌شده در batch ۲ (۲۰۲۶-۰۸-۳۱)؛ متنِ یکتای فعلی: 4277
seat-ptfe-peek-nylon.html,مواد نشیمنگاه (Seat) در شیرآلات | پیشرو تجهیز فرتاک,81,اولویت 1,
article-023.html,انتخاب شیر برای خطوط گاز | پیشرو تجهیز فرتاک,82,اولویت 1,
control-valve-iec-60534.html,شیر کنترل (Control Valve) | پیشرو تجهیز فرتاک,82,اولویت 1,
yokogawa-eja.html,ترانسمیتر فشار Yokogawa EJA | پیشرو تجهیز فرتاک,82,اولویت 1,
article-007.html,کالیبراسیون ترانسمیتر دما | پیشرو تجهیز فرتاک,83,اولویت 1,
astm-a209.html,راهنمای لوله ASTM A209 | پیشرو تجهیز فرتاک,83,اولویت 1,
ghz-80.html,ترانسمیتر سطح راداری GHz 80 | پیشرو تجهیز فرتاک,83,اولویت 1,
article-041.html,ترانسمیتر سطح التراسونیک | پیشرو تجهیز فرتاک,84,اولویت 1,
cryogenic-valve-lng.html,شیر برودتی (Cryogenic Valve) | پیشرو تجهیز فرتاک,84,اولویت 1,بازنویسی‌شده در batch ۲ (۲۰۲۶-۰۸-۳۱)؛ متنِ یکتای فعلی: 4143
stainless-steel.html,شیر Stainless Steel | پیشرو تجهیز فرتاک,85,اولویت 1,
article-011.html,تامین تجهیزات پتروشیمی | پیشرو تجهیز فرتاک,86,اولویت 1,
shell-seat-closure.html,تست شیرآلات | پیشرو تجهیز فرتاک,86,اولویت 1,
article-027.html,مقایسه شیر فولادی و چدنی | پیشرو تجهیز فرتاک,87,اولویت 1,
astm-a179.html,راهنمای لوله ASTM A179 | پیشرو تجهیز فرتاک,88,اولویت 1,بازنویسی‌شده در batch ۲ (۲۰۲۶-۰۸-۳۱)؛ متنِ یکتای فعلی: 3294
fire-test-api-607.html,راهنمای تست آتش (Fire Test) شیرآلات | پیشرو تجهیز فرتاک,89,اولویت 1,
article-012.html,تامین تجهیزات صنعت فولاد | پیشرو تجهیز فرتاک,90,اولویت 1,
article-014.html,تامین تجهیزات خطوط لوله انتقال | پیشرو تجهیز فرتاک,90,اولویت 1,
astm-a213.html,لوله ASTM A213 | پیشرو تجهیز فرتاک,90,اولویت 1,بازنویسی‌شده در batch ۲ (۲۰۲۶-۰۸-۳۱)؛ متنِ یکتای فعلی: 3760
astm-a312.html,راهنمای لوله ASTM A312 | پیشرو تجهیز فرتاک,92,اولویت 1,بازنویسی‌شده در batch ۲ (۲۰۲۶-۰۸-۳۱)؛ متنِ یکتای فعلی: 3782
pressure-gauge-asme-b40-100.html,گیج فشار (Pressure Gauge) | پیشرو تجهیز فرتاک,92,اولویت 1,
article-052.html,مقایسه برندهای ترانسمیتر صنعتی | پیشرو تجهیز فرتاک,93,اولویت 1,
article-001.html,تست هیدرواستاتیک لوله | پیشرو تجهیز فرتاک,94,اولویت 1,
article-004.html,راهنمای آب‌بندی شیرآلات صنعتی | پیشرو تجهیز فرتاک,95,اولویت 1,
schedule-sch-40-80-160.html,راهنمای ضخامت دیواره لوله (Schedule) | پیشرو تجهیز فرتاک,99,اولویت 1,
article-002.html,مقایسه لوله کربن استیل و استینلس استیل | پیشرو تجهیز فرتاک,100,اولویت 1,
asme-b36-19.html,راهنمای ابعاد لوله طبق ASME B36.19 | پیشرو تجهیز فرتاک,103,اولویت 1,
class-i-class-vi.html,مقایسه نرخ نشتی شیرآلات | پیشرو تجهیز فرتاک,104,اولویت 1,
article-031.html,مقایسه برندهای شیرآلات اروپایی و آسیایی | پیشرو تجهیز فرتاک,105,اولویت 1,
ss304-ss316.html,لوله استینلس استیل SS304 و SS316 | پیشرو تجهیز فرتاک,105,اولویت 1,
article-003.html,راهنمای انتخاب شیر بر اساس کلاس فشار | پیشرو تجهیز فرتاک,107,اولویت 1,
api-5l-x52-x60-x65.html,مقایسه لوله API 5L X52 و X60 و X65 | پیشرو تجهیز فرتاک,110,اولویت 1,
erw.html,مقایسه لوله جوشی ERW و لوله اسپیرال | پیشرو تجهیز فرتاک,144,اولویت 1,
a106-gr-b-a333-gr-6.html,مقایسه لوله A106 Gr.B و A333 Gr.6 | پیشرو تجهیز فرتاک,158,اولویت 1,
nace-mr0175.html,استاندارد NACE MR0175 در لوله و فلنج | پیشرو تجهیز فرتاک,230,اولویت 1,
vortex-flowmeter.html,فلومتر ورتکس (Vortex Flowmeter) | پیشرو تجهیز فرتاک,255,اولویت 1,
dpt.html,ترانسمیتر اختلاف فشار DPT | پیشرو تجهیز فرتاک,268,اولویت 1,
psv-prv-api-520-api-526.html,شیر اطمینان PSV/PRV | پیشرو تجهیز فرتاک,288,اولویت 1,
tilting-disc-check-valve.html,راهنمای شیر Tilting Disc Check Valve | پیشرو تجهیز فرتاک,300,اولویت 1,
globe-angle-valve.html,مقایسه شیر Globe و Angle Valve | پیشرو تجهیز فرتاک,304,اولویت 1,
nozzle-check-valve.html,شیر Nozzle Check Valve | پیشرو تجهیز فرتاک,306,اولویت 1,
check-valve-swing-lift-dual-plate.html,مقایسه شیر Check Valve | پیشرو تجهیز فرتاک,310,اولویت 1,
dual-plate-check-valve.html,راهنمای شیرهای Dual Plate Check Valve | پیشرو تجهیز فرتاک,311,اولویت 1,
mv-iec-62271.html,تابلو فشار متوسط MV و استاندارد IEC 62271 | پیشرو تجهیز فرتاک,316,اولویت 1,
a106-api-5l.html,مقایسه لوله A106 و API 5L | پیشرو تجهیز فرتاک,320,اولویت 1,
lv-iec-61439.html,تابلو فشار ضعیف LV و استاندارد IEC 61439 | پیشرو تجهیز فرتاک,334,اولویت 1,
cement-industry-supply-guide.html,راهنمای تامین تجهیزات صنایع سیمان | پیشرو تجهیز فرتاک,359,اولویت 1,
steel-industry-supply-guide.html,راهنمای تامین تجهیزات صنایع فولاد | پیشرو تجهیز فرتاک,359,اولویت 1,
plug-valve-guide.html,راهنمای شیر پلاگ (Plug Valve) صنعتی | پیشرو تجهیز فرتاک,363,اولویت 1,
petrochemical-industry-supply-guide.html,راهنمای تامین تجهیزات صنایع پتروشیمی | پیشرو تجهیز فرتاک,365,اولویت 1,
pinch-valve-guide.html,راهنمای شیر پینچ (Pinch Valve) صنعتی | پیشرو تجهیز فرتاک,365,اولویت 1,
power-plant-industry-supply-guide.html,راهنمای تامین تجهیزات نیروگاهی صنعتی | پیشرو تجهیز فرتاک,365,اولویت 1,
valve-brands-comparison-guide.html,راهنمای مقایسه برندهای شیرآلات صنعتی | پیشرو تجهیز فرتاک,365,اولویت 1,
industrial-cable-selection-guide.html,راهنمای انتخاب کابل صنعتی (Power Cable) | پیشرو تجهیز فرتاک,371,اولویت 1,
hydrostatic-level-transmitter.html,راهنمای ترانسمیتر سطح هیدرواستاتیک صنعتی | پیشرو تجهیز فرتاک,373,اولویت 1,
valve-body-material-selection.html,راهنمای انتخاب متریال بدنه شیرآلات صنعتی | پیشرو تجهیز فرتاک,373,اولویت 1,
protective-relay-guide.html,راهنمای رله‌های حفاظتی در تابلو برق صنعتی | پیشرو تجهیز فرتاک,375,اولویت 1,
rtd-vs-thermocouple-comparison.html,مقایسه سنسور دما RTD و Thermocouple صنعتی | پیشرو تجهیز فرتاک,375,اولویت 1,
thermowell-guide.html,راهنمای ترموول (Thermowell) در ابزار دقیق | پیشرو تجهیز فرتاک,375,اولویت 1,
valve-sealing-guide.html,راهنمای آب‌بندی (Sealing) در شیرآلات صنعتی | پیشرو تجهیز فرتاک,377,اولویت 1,
high-pressure-equipment-guide.html,راهنمای تجهیزات فشار قوی و فوق‌العاده صنعتی | پیشرو تجهیز فرتاک,379,اولویت 1,
hydrostatic-test-pipe-guide.html,راهنمای تست هیدرواستاتیک لوله | پیشرو تجهیز فرتاک,379,اولویت 1,
control-valve-complete-guide.html,راهنمای کامل شیر کنترل (Control Valve) صنعتی؛ مشخصات و قیمت,381,اولویت 1,
soft-starter-guide.html,راهنمای سافت استارتر در کنترل موتورهای صنعتی | پیشرو تجهیز فرتاک,381,اولویت 1,
valve-seat-material-guide.html,راهنمای مواد نشیمنگاه (Seat) در شیرآلات صنعتی | پیشرو تجهیز فرتاک,383,اولویت 1,
valve-actuator-types-guide.html,راهنمای انواع محرک (Actuator) در شیرآلات صنعتی,385,اولویت 1,
magmeter.html,فلومتر مغناطیسی (Magmeter) | پیشرو تجهیز فرتاک,386,اولویت 1,
valve-testing-guide.html,راهنمای تست شیرآلات صنعتی | پیشرو تجهیز فرتاک,389,اولویت 1,
pressure-gauge-complete-guide.html,راهنمای کامل گیج فشار صنعتی؛ مشخصات و قیمت | پیشرو تجهیز فرتاک,391,اولویت 1,
stainless-steel-pipe-guide.html,راهنمای لوله استینلس استیل (Stainless Steel Pipe),391,اولویت 1,
mcc-panel-guide.html,راهنمای تابلو برق MCC | پیشرو تجهیز فرتاک,475,اولویت 1,
nde-inspection-pipe-flange.html,راهنمای بازرسی NDE لوله و فلنج صنعتی | پیشرو تجهیز فرتاک,493,اولویت 1,
vfd-variable-frequency-drive-guide.html,راهنمای درایو فرکانس متغیر VFD صنعتی | پیشرو تجهیز فرتاک,550,اولویت 1,
radar-level-transmitter-guide.html,راهنمای ترانسمیتر سطح راداری صنعتی | پیشرو تجهیز فرتاک,553,اولویت 1,
safety-relief-valve-guide.html,راهنمای شیر اطمینان و ایمنی (PSV/PRV) صنعتی | پیشرو تجهیز فرتاک,582,اولویت 1,
rosemount-vs-yokogawa-comparison.html,مقایسه ترانسمیتر Rosemount و Yokogawa صنعتی | پیشرو تجهیز فرتاک,609,اولویت 1,
pressure-transmitter-calibration-guide.html,راهنمای کالیبراسیون ترانسمیتر فشار صنعتی | پیشرو تجهیز فرتاک,613,اولویت 1,
temperature-transmitter-guide.html,راهنمای ترانسمیتر دما | پیشرو تجهیز فرتاک,636,اولویت 1,
flange-types-complete-guide.html,انواع فلنج صنعتی: WN، SO، Blind و SW | پیشرو تجهیز فرتاک,673,اولویت 1,
globe-valve-complete-guide.html,راهنمای جامع Globe Valve (شیر کروی) | پیشرو تجهیز فرتاک,725,اولویت 1,
flange-bolting-guide.html,راهنمای پیچ و مهره در اتصالات فلنجی صنعتی | پیشرو تجهیز فرتاک,730,اولویت 1,
check-valve-complete-guide.html,راهنمای جامع Check Valve (شیر یک‌طرفه) | پیشرو تجهیز فرتاک,761,اولویت 1,
level-measurement-guide.html,راهنمای سطح سنج (Level Measurement) | پیشرو تجهیز فرتاک,767,اولویت 1,
gasket-types-guide.html,راهنمای انواع گسکت صنعتی | پیشرو تجهیز فرتاک,785,اولویت 1,
api-5l-pipe-guide.html,مشخصات فنی لوله API 5L | پیشرو تجهیز فرتاک,796,اولویت 1,
asme-b16-11-socket-weld-threaded.html,ASME B16.11 | پیشرو تجهیز فرتاک,69,اولویت 2,
astm-a182-f304-f316.html,ASTM A182 F304/F316 | پیشرو تجهیز فرتاک,72,اولویت 2,
astm-a234-wpb.html,ASTM A234 WPB | پیشرو تجهیز فرتاک,72,اولویت 2,
astm-a403-wp304-wp316.html,ASTM A403 WP304/WP316 | پیشرو تجهیز فرتاک,74,اولویت 2,
asme-b31-1.html,ASME B31.1 | پیشرو تجهیز فرتاک,75,اولویت 2,
astm-a105-astm-a350-lf2.html,مقایسه ASTM A105 و ASTM A350 LF2 | پیشرو تجهیز فرتاک,75,اولویت 2,
asme-b16-34.html,استاندارد ASME B16.34 | پیشرو تجهیز فرتاک,78,اولویت 2,
din-ansi.html,مقایسه استاندارد DIN و ANSI در پایپینگ | پیشرو تجهیز فرتاک,84,اولویت 2,
asme-b31-3.html,ASME B31.3 | پیشرو تجهیز فرتاک,86,اولویت 2,
astm-jis.html,مقایسه استاندارد ASTM و JIS در پایپینگ | پیشرو تجهیز فرتاک,86,اولویت 2,
ansi-ieee-c37.html,رله حفاظتی | پیشرو تجهیز فرتاک,88,اولویت 2,
sil-iec-61508-iec-61511.html,SIL در ابزار دقیق | پیشرو تجهیز فرتاک,94,اولویت 2,
astm-a106-a53.html,مقایسه ASTM A106 و A53 | پیشرو تجهیز فرتاک,107,اولویت 2,
asme-b16-9.html,ASME B16.9 | پیشرو تجهیز فرتاک,287,اولویت 2,
butterfly-valve-api-609-concentric-offset.html,Butterfly Valve API 609 | پیشرو تجهیز فرتاک,297,اولویت 2,
asme-b16-5.html,ASME B16.5 | پیشرو تجهیز فرتاک,314,اولویت 2,
astm-piping-standards-guide.html,راهنمای استانداردهای ASTM در پایپینگ | پیشرو تجهیز فرتاک,365,اولویت 2,
astm-a105-vs-a234.html,مقایسه ASTM A105 و ASTM A234 در پایپینگ | پیشرو تجهیز فرتاک,371,اولویت 2,
asme-b31-3-process-piping-guide.html,راهنمای استاندارد ASME B31.3 | پیشرو تجهیز فرتاک,389,اولویت 2,
atex-iecex-hazardous-area-guide.html,راهنمای استاندارد ATEX و IECEx برای مناطق خطرناک,389,اولویت 2,
electrical-brands-comparison.html,مقایسه برندهای تجهیزات برق صنعتی | پیشرو تجهیز فرتاک,409,اولویت 2,
en-10204-certificate-guide.html,راهنمای کامل EN 10204؛ مشخصات و قیمت | پیشرو تجهیز فرتاک,556,اولویت 2,
api-602-small-gate-valve.html,استاندارد API 602 | پیشرو تجهیز فرتاک,619,اولویت 2,
api-6d-ball-valve-standard.html,استاندارد API 6D | پیشرو تجهیز فرتاک,742,اولویت 2,
asme-b36-10-pipe-dimensions.html,استاندارد ASME B36.10 | پیشرو تجهیز فرتاک,754,اولویت 2,
api-600-gate-valve-standard.html,استاندارد API 600 | پیشرو تجهیز فرتاک,767,اولویت 2,
knife-gate-valve.html,Knife Gate Valve | پیشرو تجهیز فرتاک,66,اولویت 3,
mfc-mass-flow-controller.html,راهنمای MFC (Mass Flow Controller) | پیشرو تجهیز فرتاک,73,اولویت 3,
esd-emergency-shutdown.html,راهنمای سیستم ESD (Emergency Shutdown) | پیشرو تجهیز فرتاک,77,اولویت 3,
ph.html,راهنمای pH متر صنعتی | پیشرو تجهیز فرتاک,77,اولویت 3,
article-010.html,راهنمای گمرک و ترخیص کالاهای صنعتی | پیشرو تجهیز فرتاک,78,اولویت 3,
article-008.html,ترانسفورماتور قدرت | پیشرو تجهیز فرتاک,79,اولویت 3,
article-009.html,قرارداد تامین صنعتی | پیشرو تجهیز فرتاک,79,اولویت 3,
article-015.html,تجهیزات پالایشگاه نفت | پیشرو تجهیز فرتاک,80,اولویت 3,
article-016.html,تجهیزات سیستم بخار | پیشرو تجهیز فرتاک,80,اولویت 3,
diaphragm-valve.html,Diaphragm Valve | پیشرو تجهیز فرتاک,80,اولویت 3,
pmi-positive-material-identification.html,راهنمای PMI (Positive Material Identification),80,اولویت 3,
turbidity-meter.html,راهنمای Turbidity Meter (کدورت سنج) | پیشرو تجهیز فرتاک,80,اولویت 3,
conductivity-meter.html,راهنمای هدایت سنج (Conductivity Meter) | پیشرو تجهیز فرتاک,81,اولویت 3,
fire-gas-system-fgs.html,راهنمای Fire & Gas System (FGS) | پیشرو تجهیز فرتاک,81,اولویت 3,
article-059.html,کنتاکتور و بی متال | پیشرو تجهیز فرتاک,88,اولویت 3,
phase-control-relay.html,رله کنترل فاز (Phase Control Relay) | پیشرو تجهیز فرتاک,88,اولویت 3,
hplc-gc.html,راهنمای تجهیزات HPLC و GC در آزمایشگاه | پیشرو تجهیز فرتاک,90,اولویت 3,
surge-arrester.html,رله برقگیر (Surge Arrester) | پیشرو تجهیز فرتاک,90,اولویت 3,
vendor-qualification.html,راهنمای تأیید صلاحیت تامین‌کننده (Vendor Qualification),95,اولویت 3,
plug-valve-lubricated-non-lubricated.html,راهنمای Plug Valve | پیشرو تجهیز فرتاک,104,اولویت 3,
o2-co2-h2s.html,آنالایزر گاز صنعتی | پیشرو تجهیز فرتاک,242,اولویت 3,
distribution-transformer.html,ترانسفورماتور توزیع (Distribution Transformer),262,اولویت 3,
globe-gate-valve.html,مقایسه Globe و Gate Valve | پیشرو تجهیز فرتاک,316,اولویت 3,
corrosion-resistant-equipment-guide.html,راهنمای تجهیزات مقاوم به خوردگی صنعتی | پیشرو تجهیز فرتاک,367,اولویت 3,
ip-rating-industrial-equipment-guide.html,راهنمای استاندارد IP در تجهیزات صنعتی | پیشرو تجهیز فرتاک,367,اولویت 3,
sil-certification-instrument-guide.html,راهنمای گواهی SIL در ابزار دقیق صنعتی | پیشرو تجهیز فرتاک,367,اولویت 3,
contactor-bimetal-guide.html,راهنمای کنتاکتور و بی متال در برق صنعتی | پیشرو تجهیز فرتاک,371,اولویت 3,
pmi-testing-guide.html,راهنمای تست PMI در بازرسی تجهیزات صنعتی | پیشرو تجهیز فرتاک,371,اولویت 3,
shutdown-turnaround-industrial-guide.html,راهنمای تجهیزات Shutdown و اورهال صنعتی | پیشرو تجهیز فرتاک,371,اولویت 3,
gas-analyzer-industry-guide.html,راهنمای آنالایزر گاز صنعتی | پیشرو تجهیز فرتاک,375,اولویت 3,
international-supply-contract-guide.html,راهنمای قراردادهای تامین بین‌المللی صنعتی | پیشرو تجهیز فرتاک,375,اولویت 3,
hart-calibration-training.html,آموزش کالیبراسیون HART در ابزار دقیق صنعتی | پیشرو تجهیز فرتاک,377,اولویت 3,
quality-assurance-supply-guide.html,راهنمای تضمین کیفیت در تامین تجهیزات صنعتی | پیشرو تجهیز فرتاک,377,اولویت 3,
instrument-calibration-standards.html,راهنمای استانداردهای کالیبراسیون ابزار دقیق | پیشرو تجهیز فرتاک,379,اولویت 3,
epc-supply-chain-management-guide.html,راهنمای مدیریت زنجیره تامین در پروژه‌های EPC | پیشرو تجهیز فرتاک,381,اولویت 3,
scada-rtu-system-guide.html,راهنمای سیستم SCADA و RTU در اتوماسیون صنعتی | پیشرو تجهیز فرتاک,381,اولویت 3,
nioc-npc-vendor-list-guide.html,راهنمای وندورلیست NIOC و NPC در پروژه‌های نفتی,385,اولویت 3,
vcb.html,کلید وکیوم (VCB) | پیشرو تجهیز فرتاک,386,اولویت 3,
incoterms-industrial-trade-guide.html,راهنمای Incoterms 2024 در تجارت بین‌المللی صنعتی,389,اولویت 3,
diaphragm-seal-guide.html,راهنمای سیل جداکننده (Diaphragm Seal) در ابزار دقیق,395,اولویت 3,
plc-types-industrial-guide.html,راهنمای انواع PLC صنعتی | پیشرو تجهیز فرتاک,411,اولویت 3,
ndt-inspection-industrial-guide.html,راهنمای تست‌های NDT در بازرسی صنعتی | پیشرو تجهیز فرتاک,530,اولویت 3,
sour-service-equipment-guide.html,راهنمای تجهیزات سرویس اسیدی (Sour Service) | پیشرو تجهیز فرتاک,531,اولویت 3,
steam-system-equipment-guide.html,راهنمای تجهیزات سیستم بخار صنعتی | پیشرو تجهیز فرتاک,540,اولویت 3,
power-distribution-transformer-guide.html,راهنمای ترانسفورماتور قدرت و توزیع صنعتی | پیشرو تجهیز فرتاک,564,اولویت 3,
hart-protocol-complete-guide.html,راهنمای کامل پروتکل HART در ابزار دقیق صنعتی؛ مشخصات و قیمت,606,اولویت 3,
mccb-circuit-breaker-guide.html,راهنمای کلید کامپکت MCCB | پیشرو تجهیز فرتاک,727,اولویت 3,
